"2014-04-15";"18:38:36";"WinControl (rev 750) report file"
"Date";"Time";"Type";"No.";"1:F";"1:Fm'";"1:PAR";"1:Y (II)";"1:ETR"
"";"";"D";"";"Device Nr: #1: Pam-Control ";""
"2014-04-15";"13:39:26";"SLCS";"";"Light Curve start ";""
"2014-04-15";"13:39:26";"REG1";"";"#1: alpha: - , ETRm: - , Ek: -   ( beta: - 0.107, ETRmPot: - 16.040 ) ";""
"2014-04-15";"13:39:26";"REG2";"";"#1: alpha: 0.085, ETRm: 13.897, Ek: 163.246 ";""
"2014-04-15";"13:39:31";"SCHS";"";"Chart Start ";""
"2014-04-15";"13:39:31";"FO";"3635";"403";"562";"0";"0.283";"0.0"
"2014-04-15";"13:39:40";"F";"3636";"393";"491";"105";"0.200";"8.8"
"2014-04-15";"13:39:50";"F";"3637";"327";"386";"162";"0.153";"10.4"
"2014-04-15";"13:40:00";"F";"3638";"284";"320";"242";"0.113";"11.5"
"2014-04-15";"13:40:09";"F";"3639";"246";"269";"346";"0.086";"12.5"
"2014-04-15";"13:40:20";"F";"3640";"220";"239";"484";"0.079";"16.1"
"2014-04-15";"13:40:30";"F";"3641";"205";"215";"632";"0.047";"12.5"
"2014-04-15";"13:40:40";"F";"3642";"192";"200";"980";"0.040";"16.5"
"2014-04-15";"13:40:51";"F";"3643";"184";"188";"1351";"0.021";"11.9"
"2014-04-15";"13:40:52";"SLCE";"";"Light Curve end ";""
"2014-04-15";"13:41:13";"SLCS";"";"Light Curve start ";""
"2014-04-15";"13:41:13";"REG1";"";"#1: alpha: 0.099, ETRm: 15.089, Ek: 152.526   ( beta: 0.004, ETRmPot: 18.107 ) ";""
"2014-04-15";"13:41:13";"REG2";"";"#1: alpha: 0.083, ETRm: 14.333, Ek: 172.126 ";""
"2014-04-15";"13:41:17";"FO";"3644";"464";"632";"0";"0.266";"0.0"
"2014-04-15";"13:41:27";"F";"3645";"444";"543";"105";"0.182";"8.0"
"2014-04-15";"13:41:38";"F";"3646";"394";"463";"162";"0.149";"10.1"
"2014-04-15";"13:41:48";"F";"3647";"346";"397";"242";"0.128";"13.0"
"2014-04-15";"13:41:58";"F";"3648";"301";"333";"346";"0.096";"14.0"
"2014-04-15";"13:42:08";"F";"3649";"282";"303";"484";"0.069";"14.0"
"2014-04-15";"13:42:18";"F";"3650";"259";"274";"632";"0.055";"14.6"
"2014-04-15";"13:42:28";"F";"3651";"243";"253";"980";"0.040";"16.5"
"2014-04-15";"13:42:39";"F";"3652";"233";"238";"1351";"0.021";"11.9"
"2014-04-15";"13:42:41";"SLCE";"";"Light Curve end ";""
"2014-04-15";"13:43:03";"SLCS";"";"Light Curve start ";""
"2014-04-15";"13:43:03";"REG1";"";"#1: alpha: 0.105, ETRm: 13.040, Ek: 124.554   ( beta: 3.177, ETRmPot: 1093.324 ) ";""
"2014-04-15";"13:43:03";"REG2";"";"#1: alpha: 0.129, ETRm: 9.140, Ek: 70.865 ";""
"2014-04-15";"13:43:07";"FO";"3653";"395";"519";"0";"0.239";"0.0"
"2014-04-15";"13:43:17";"F";"3654";"377";"461";"105";"0.182";"8.0"
"2014-04-15";"13:43:27";"F";"3655";"340";"393";"162";"0.135";"9.2"
"2014-04-15";"13:43:37";"F";"3656";"294";"332";"242";"0.114";"11.6"
"2014-04-15";"13:43:47";"F";"3657";"273";"301";"346";"0.093";"13.5"
"2014-04-15";"13:43:57";"F";"3658";"228";"243";"484";"0.062";"12.6"
"2014-04-15";"13:44:08";"F";"3659";"213";"224";"632";"0.049";"13.0"
"2014-04-15";"13:44:18";"F";"3660";"203";"205";"980";"0.010";"4.1"
"2014-04-15";"13:44:28";"F";"3661";"189";"189";"1351";"0.000";"0.0"
"2014-04-15";"13:44:29";"SLCE";"";"Light Curve end ";""
"2014-04-15";"13:44:58";"SLCS";"";"Light Curve start ";""
"2014-04-15";"13:44:58";"REG1";"";"#1: alpha: 0.060, ETRm: 10.029, Ek: 168.105   ( beta: 1.235, ETRmPot: 577.707 ) ";""
"2014-04-15";"13:44:58";"REG2";"";"#1: alpha: 0.061, ETRm: 7.928, Ek: 130.870 ";""
"2014-04-15";"13:45:02";"FO";"3662";"621";"685";"0";"0.093";"0.0"
"2014-04-15";"13:45:13";"F";"3663";"519";"585";"105";"0.113";"5.0"
"2014-04-15";"13:45:23";"F";"3664";"462";"512";"162";"0.098";"6.7"
"2014-04-15";"13:45:32";"F";"3665";"408";"442";"242";"0.077";"7.8"
"2014-04-15";"13:45:42";"F";"3666";"371";"395";"346";"0.061";"8.9"
"2014-04-15";"13:45:54";"F";"3667";"341";"359";"484";"0.050";"10.2"
"2014-04-15";"13:46:03";"F";"3668";"330";"343";"632";"0.038";"10.1"
"2014-04-15";"13:46:13";"F";"3669";"314";"322";"980";"0.025";"10.3"
"2014-04-15";"13:46:23";"F";"3670";"306";"306";"1351";"0.000";"0.0"
"2014-04-15";"13:46:26";"SLCE";"";"Light Curve end ";""
"2014-04-15";"13:46:59";"SLCS";"";"Light Curve start ";""
"2014-04-15";"13:46:59";"REG1";"";"#1: alpha: - , ETRm: - , Ek: -   ( beta: - 0.057, ETRmPot: - 12.708 ) ";""
"2014-04-15";"13:46:59";"REG2";"";"#1: alpha: 0.043, ETRm: 12.381, Ek: 290.166 ";""
"2014-04-15";"13:47:03";"FO";"3671";"348";"363";"0";"0.041";"0.0"
"2014-04-15";"13:47:12";"F";"3672";"273";"309";"105";"0.117";"5.2"
"2014-04-15";"13:47:22";"F";"3673";"248";"275";"162";"0.098";"6.7"
"2014-04-15";"13:47:34";"F";"3674";"234";"252";"242";"0.071";"7.2"
"2014-04-15";"13:47:43";"F";"3675";"207";"224";"346";"0.076";"11.0"
"2014-04-15";"13:47:53";"F";"3676";"196";"206";"484";"0.049";"10.0"
"2014-04-15";"13:48:03";"F";"3677";"182";"192";"632";"0.052";"13.8"
"2014-04-15";"13:48:14";"F";"3678";"182";"187";"980";"0.027";"11.1"
"2014-04-15";"13:48:24";"F";"3679";"171";"175";"1351";"0.023";"13.1"
"2014-04-15";"13:48:26";"SLCE";"";"Light Curve end ";""
"2014-04-15";"13:49:15";"SLCS";"";"Light Curve start ";""
"2014-04-15";"13:49:15";"REG1";"";"#1: alpha: 0.052, ETRm: 7.885, Ek: 152.514   ( beta: 1.120, ETRmPot: 474.834 ) ";""
"2014-04-15";"13:49:15";"REG2";"";"#1: alpha: 0.051, ETRm: 6.032, Ek: 118.718 ";""
"2014-04-15";"13:49:19";"FO";"3680";"175";"193";"0";"0.093";"0.0"
"2014-04-15";"13:49:29";"F";"3681";"179";"195";"105";"0.082";"3.6"
"2014-04-15";"13:49:39";"F";"3682";"172";"187";"162";"0.080";"5.4"
"2014-04-15";"13:49:50";"F";"3683";"170";"184";"242";"0.076";"7.7"
"2014-04-15";"13:50:00";"F";"3684";"163";"170";"346";"0.041";"6.0"
"2014-04-15";"13:50:10";"F";"3685";"154";"160";"484";"0.038";"7.7"
"2014-04-15";"13:50:20";"F";"3686";"159";"165";"632";"0.036";"9.6"
"2014-04-15";"13:50:30";"F";"3687";"149";"151";"980";"0.013";"5.4"
"2014-04-15";"13:50:40";"F";"3688";"146";"146";"1351";"0.000";"0.0"
"2014-04-15";"13:50:42";"SLCE";"";"Light Curve end ";""
"2014-04-15";"13:51:15";"SLCS";"";"Light Curve start ";""
"2014-04-15";"13:51:15";"REG1";"";"#1: alpha: 0.200, ETRm: 53.499, Ek: 267.496   ( beta: 0.050, ETRmPot: 100.000 ) ";""
"2014-04-15";"13:51:15";"REG2";"";"#1: alpha: 0.200, ETRm: 100.000, Ek: 500.000 ";""
"2014-04-15";"13:51:20";"FO";"3689";"157";"162";"0";"0.031";"0.0"
"2014-04-15";"13:51:30";"F";"3690";"157";"165";"105";"0.048";"2.1"
"2014-04-15";"13:51:40";"F";"3691";"156";"163";"162";"0.043";"2.9"
"2014-04-15";"13:51:49";"F";"3692";"152";"157";"242";"0.032";"3.3"
"2014-04-15";"13:52:01";"F";"3693";"147";"149";"346";"0.013";"1.9"
"2014-04-15";"13:52:10";"F";"3694";"149";"148";"484";"-";"-"
"2014-04-15";"13:52:20";"F";"3695";"140";"140";"632";"0.000";"0.0"
"2014-04-15";"13:52:30";"F";"3696";"137";"137";"980";"0.000";"0.0"
"2014-04-15";"13:52:41";"F";"3697";"131";"132";"1351";"0.008";"4.5"
"2014-04-15";"13:52:41";"SLCE";"";"Light Curve end ";""
"2014-04-15";"13:53:12";"SLCS";"";"Light Curve start ";""
"2014-04-15";"13:53:12";"REG1";"";"#1: alpha: 0.092, ETRm: 10.941, Ek: 119.355   ( beta: 0.005, ETRmPot: 13.578 ) ";""
"2014-04-15";"13:53:12";"REG2";"";"#1: alpha: 0.076, ETRm: 10.093, Ek: 132.896 ";""
"2014-04-15";"13:53:15";"FO";"3698";"456";"588";"0";"0.224";"0.0"
"2014-04-15";"13:53:26";"F";"3699";"431";"509";"105";"0.153";"6.7"
"2014-04-15";"13:53:36";"F";"3700";"388";"439";"162";"0.116";"7.9"
"2014-04-15";"13:53:45";"F";"3701";"331";"367";"242";"0.098";"10.0"
"2014-04-15";"13:53:56";"F";"3702";"298";"324";"346";"0.080";"11.6"
"2014-04-15";"13:54:06";"F";"3703";"271";"287";"484";"0.056";"11.4"
"2014-04-15";"13:54:17";"F";"3704";"251";"261";"632";"0.038";"10.1"
"2014-04-15";"13:54:26";"F";"3705";"245";"250";"980";"0.020";"8.2"
"2014-04-15";"13:54:37";"F";"3706";"239";"243";"1351";"0.016";"9.1"
"2014-04-15";"13:54:38";"SLCE";"";"Light Curve end ";""
"2014-04-15";"13:55:08";"SLCS";"";"Light Curve start ";""
"2014-04-15";"13:55:08";"REG1";"";"#1: alpha: 0.086, ETRm: 12.315, Ek: 143.664   ( beta: 2.925, ETRmPot: 1158.964 ) ";""
"2014-04-15";"13:55:08";"REG2";"";"#1: alpha: 0.098, ETRm: 9.339, Ek: 95.395 ";""
"2014-04-15";"13:55:12";"FO";"3707";"396";"528";"0";"0.250";"0.0"
"2014-04-15";"13:55:22";"F";"3708";"398";"478";"105";"0.167";"7.4"
"2014-04-15";"13:55:33";"F";"3709";"374";"427";"162";"0.124";"8.4"
"2014-04-15";"13:55:43";"F";"3710";"328";"365";"242";"0.101";"10.3"
"2014-04-15";"13:55:53";"F";"3711";"285";"312";"346";"0.087";"12.6"
"2014-04-15";"13:56:02";"F";"3712";"260";"278";"484";"0.065";"13.2"
"2014-04-15";"13:56:13";"F";"3713";"247";"257";"632";"0.039";"10.4"
"2014-04-15";"13:56:23";"F";"3714";"232";"236";"980";"0.017";"7.0"
"2014-04-15";"13:56:33";"F";"3715";"220";"221";"1351";"0.005";"2.8"
"2014-04-15";"13:56:35";"SLCE";"";"Light Curve end ";""
"2014-04-15";"13:57:12";"SLCS";"";"Light Curve start ";""
"2014-04-15";"13:57:12";"REG1";"";"#1: alpha: 0.091, ETRm: 12.468, Ek: 136.270   ( beta: 0.025, ETRmPot: 24.052 ) ";""
"2014-04-15";"13:57:12";"REG2";"";"#1: alpha: 0.093, ETRm: 10.329, Ek: 111.235 ";""
"2014-04-15";"13:57:17";"FO";"3716";"377";"495";"0";"0.238";"0.0"
"2014-04-15";"13:57:26";"F";"3717";"372";"447";"105";"0.168";"7.4"
"2014-04-15";"13:57:36";"F";"3718";"342";"395";"162";"0.134";"9.1"
"2014-04-15";"13:57:47";"F";"3719";"298";"334";"242";"0.108";"11.0"
"2014-04-15";"13:57:56";"F";"3720";"265";"287";"346";"0.077";"11.2"
"2014-04-15";"13:58:07";"F";"3721";"245";"264";"484";"0.072";"14.6"
"2014-04-15";"13:58:17";"F";"3722";"231";"242";"632";"0.045";"11.9"
"2014-04-15";"13:58:27";"F";"3723";"221";"224";"980";"0.013";"5.4"
"2014-04-15";"13:58:37";"F";"3724";"206";"209";"1351";"0.014";"7.9"
"2014-04-15";"13:58:38";"SLCE";"";"Light Curve end ";""
"2014-04-15";"13:59:25";"SLCS";"";"Light Curve start ";""
"2014-04-15";"13:59:25";"REG1";"";"#1: alpha: 0.074, ETRm: 13.157, Ek: 177.325   ( beta: 1.248, ETRmPot: 619.335 ) ";""
"2014-04-15";"13:59:25";"REG2";"";"#1: alpha: 0.098, ETRm: 10.432, Ek: 106.513 ";""
"2014-04-15";"13:59:29";"FO";"3725";"471";"599";"0";"0.214";"0.0"
"2014-04-15";"13:59:38";"F";"3726";"444";"541";"105";"0.179";"7.9"
"2014-04-15";"13:59:49";"F";"3727";"397";"460";"162";"0.137";"9.3"
"2014-04-15";"13:59:59";"F";"3728";"345";"385";"242";"0.104";"10.6"
"2014-04-15";"14:00:08";"F";"3729";"310";"334";"346";"0.072";"10.5"
"2014-04-15";"14:00:19";"F";"3730";"278";"294";"484";"0.054";"11.0"
"2014-04-15";"14:00:29";"F";"3731";"254";"269";"632";"0.056";"14.9"
"2014-04-15";"14:00:40";"F";"3732";"242";"250";"980";"0.032";"13.2"
"2014-04-15";"14:00:50";"F";"3733";"229";"230";"1351";"0.004";"2.3"
"2014-04-15";"14:00:51";"SLCE";"";"Light Curve end ";""
"2014-04-15";"14:01:23";"SLCS";"";"Light Curve start ";""
"2014-04-15";"14:01:23";"REG1";"";"#1: alpha: 0.090, ETRm: 11.142, Ek: 123.941   ( beta: 1.570, ETRmPot: 543.855 ) ";""
"2014-04-15";"14:01:23";"REG2";"";"#1: alpha: 0.114, ETRm: 8.987, Ek: 78.647 ";""
"2014-04-15";"14:01:28";"FO";"3734";"210";"269";"0";"0.219";"0.0"
"2014-04-15";"14:01:36";"F";"3735";"199";"240";"105";"0.171";"7.5"
"2014-04-15";"14:01:47";"F";"3736";"189";"219";"162";"0.137";"9.3"
"2014-04-15";"14:01:57";"F";"3737";"170";"188";"242";"0.096";"9.8"
"2014-04-15";"14:02:08";"F";"3738";"152";"164";"346";"0.073";"10.6"
"2014-04-15";"14:02:17";"F";"3739";"139";"146";"484";"0.048";"9.8"
"2014-04-15";"14:02:27";"F";"3740";"136";"142";"632";"0.042";"11.1"
"2014-04-15";"14:02:38";"F";"3741";"125";"126";"980";"0.008";"3.3"
"2014-04-15";"14:02:48";"F";"3742";"121";"120";"1351";"-";"-"
"2014-04-15";"14:02:50";"SLCE";"";"Light Curve end ";""
"2014-04-15";"14:03:11";"SLCS";"";"Light Curve start ";""
"2014-04-15";"14:03:11";"REG1";"";"#1: alpha: - , ETRm: - , Ek: -   ( beta: - 4.665, ETRmPot: - 375.844 ) ";""
"2014-04-15";"14:03:11";"REG2";"";"#1: alpha: 0.200, ETRm: 100.000, Ek: 500.000 ";""
"2014-04-15";"14:03:15";"FO";"3743";"186";"209";"0";"0.110";"0.0"
"2014-04-15";"14:03:25";"F";"3744";"183";"194";"105";"0.057";"2.5"
"2014-04-15";"14:03:35";"F";"3745";"174";"187";"162";"0.070";"4.8"
"2014-04-15";"14:03:45";"F";"3746";"163";"171";"242";"0.047";"4.8"
"2014-04-15";"14:03:55";"F";"3747";"150";"155";"346";"0.032";"4.7"
"2014-04-15";"14:04:06";"F";"3748";"140";"144";"484";"0.028";"5.7"
"2014-04-15";"14:04:16";"F";"3749";"133";"135";"632";"0.015";"4.0"
"2014-04-15";"14:04:25";"F";"3750";"131";"130";"980";"-";"-"
"2014-04-15";"14:04:36";"F";"3751";"128";"129";"1351";"0.008";"4.5"
"2014-04-15";"14:04:37";"SLCE";"";"Light Curve end ";""
"2014-04-15";"14:05:01";"SLCS";"";"Light Curve start ";""
"2014-04-15";"14:05:01";"REG1";"";"#1: alpha: - , ETRm: - , Ek: -   ( beta: - 0.296, ETRmPot: - 52.145 ) ";""
"2014-04-15";"14:05:01";"REG2";"";"#1: alpha: 0.054, ETRm: 0.800, Ek: 14.700 ";""
"2014-04-15";"14:05:05";"FO";"3752";"178";"192";"0";"0.073";"0.0"
"2014-04-15";"14:05:16";"F";"3753";"179";"184";"105";"0.027";"1.2"
"2014-04-15";"14:05:25";"F";"3754";"178";"185";"162";"0.038";"2.6"
"2014-04-15";"14:05:35";"F";"3755";"167";"167";"242";"0.000";"0.0"
"2014-04-15";"14:05:46";"F";"3756";"159";"159";"346";"0.000";"0.0"
"2014-04-15";"14:05:55";"F";"3757";"157";"159";"484";"0.013";"2.6"
"2014-04-15";"14:06:06";"F";"3758";"155";"155";"632";"0.000";"0.0"
"2014-04-15";"14:06:16";"F";"3759";"152";"152";"980";"0.000";"0.0"
"2014-04-15";"14:06:27";"F";"3760";"147";"147";"1351";"0.000";"0.0"
"2014-04-15";"14:06:27";"SLCE";"";"Light Curve end ";""
"2014-04-15";"14:06:48";"SLCS";"";"Light Curve start ";""
"2014-04-15";"14:06:48";"REG1";"";"#1: alpha: 0.093, ETRm: 9.168, Ek: 98.135   ( beta: 0.006, ETRmPot: 11.857 ) ";""
"2014-04-15";"14:06:48";"REG2";"";"#1: alpha: 0.096, ETRm: 7.951, Ek: 82.463 ";""
"2014-04-15";"14:06:53";"FO";"3761";"354";"460";"0";"0.230";"0.0"
"2014-04-15";"14:07:03";"F";"3762";"339";"402";"105";"0.157";"6.9"
"2014-04-15";"14:07:12";"F";"3763";"308";"345";"162";"0.107";"7.3"
"2014-04-15";"14:07:23";"F";"3764";"273";"297";"242";"0.081";"8.2"
"2014-04-15";"14:07:33";"F";"3765";"250";"267";"346";"0.064";"9.3"
"2014-04-15";"14:07:43";"F";"3766";"227";"239";"484";"0.050";"10.2"
"2014-04-15";"14:07:53";"F";"3767";"215";"223";"632";"0.036";"9.6"
"2014-04-15";"14:08:03";"F";"3768";"207";"208";"980";"0.005";"2.1"
"2014-04-15";"14:08:14";"F";"3769";"192";"195";"1351";"0.015";"8.5"
"2014-04-15";"14:08:15";"SLCE";"";"Light Curve end ";""
"2014-04-15";"14:08:48";"SLCS";"";"Light Curve start ";""
"2014-04-15";"14:08:48";"REG1";"";"#1: alpha: 0.074, ETRm: 15.946, Ek: 216.605   ( beta: 0.961, ETRmPot: 587.292 ) ";""
"2014-04-15";"14:08:48";"REG2";"";"#1: alpha: 0.078, ETRm: 13.708, Ek: 175.814 ";""
"2014-04-15";"14:08:52";"FO";"3770";"322";"439";"0";"0.267";"0.0"
"2014-04-15";"14:09:03";"F";"3771";"323";"396";"105";"0.184";"8.1"
"2014-04-15";"14:09:13";"F";"3772";"298";"344";"162";"0.134";"9.1"
"2014-04-15";"14:09:23";"F";"3773";"261";"299";"242";"0.127";"12.9"
"2014-04-15";"14:09:33";"F";"3774";"237";"257";"346";"0.078";"11.3"
"2014-04-15";"14:09:43";"F";"3775";"218";"234";"484";"0.068";"13.8"
"2014-04-15";"14:09:53";"F";"3776";"205";"221";"632";"0.072";"19.1"
"2014-04-15";"14:10:03";"F";"3777";"200";"207";"980";"0.034";"14.0"
"2014-04-15";"14:10:14";"F";"3778";"189";"192";"1351";"0.016";"9.1"
"2014-04-15";"14:10:15";"SLCE";"";"Light Curve end ";""
"2014-04-15";"14:10:31";"SLCS";"";"Light Curve start ";""
"2014-04-15";"14:10:31";"REG1";"";"#1: alpha: 0.093, ETRm: 14.761, Ek: 159.398   ( beta: 0.018, ETRmPot: 24.865 ) ";""
"2014-04-15";"14:10:31";"REG2";"";"#1: alpha: 0.096, ETRm: 12.841, Ek: 133.713 ";""
"2014-04-15";"14:10:35";"FO";"3779";"348";"472";"0";"0.263";"0.0"
"2014-04-15";"14:10:45";"F";"3780";"353";"440";"105";"0.198";"8.7"
"2014-04-15";"14:10:55";"F";"3781";"318";"374";"162";"0.150";"10.2"
"2014-04-15";"14:11:05";"F";"3782";"287";"326";"242";"0.120";"12.2"
"2014-04-15";"14:11:16";"F";"3783";"260";"287";"346";"0.094";"13.7"
"2014-04-15";"14:11:25";"F";"3784";"237";"254";"484";"0.067";"13.6"
"2014-04-15";"14:11:36";"F";"3785";"226";"239";"632";"0.054";"14.3"
"2014-04-15";"14:11:46";"F";"3786";"217";"225";"980";"0.036";"14.8"
"2014-04-15";"14:11:55";"F";"3787";"205";"208";"1351";"0.014";"7.9"
"2014-04-15";"14:11:57";"SLCE";"";"Light Curve end ";""
"2014-04-15";"14:12:11";"SLCS";"";"Light Curve start ";""
"2014-04-15";"14:12:11";"REG1";"";"#1: alpha: 0.084, ETRm: 13.094, Ek: 155.581   ( beta: 0.001, ETRmPot: 14.001 ) ";""
"2014-04-15";"14:12:11";"REG2";"";"#1: alpha: 0.065, ETRm: 12.853, Ek: 198.396 ";""
"2014-04-15";"14:12:16";"FO";"3788";"419";"526";"0";"0.203";"0.0"
"2014-04-15";"14:12:26";"F";"3789";"387";"460";"105";"0.159";"7.0"
"2014-04-15";"14:12:35";"F";"3790";"354";"406";"162";"0.128";"8.7"
"2014-04-15";"14:12:45";"F";"3791";"315";"349";"242";"0.097";"9.9"
"2014-04-15";"14:12:56";"F";"3792";"288";"313";"346";"0.080";"11.6"
"2014-04-15";"14:13:05";"F";"3793";"273";"294";"484";"0.071";"14.4"
"2014-04-15";"14:13:16";"F";"3794";"255";"266";"632";"0.041";"10.9"
"2014-04-15";"14:13:26";"F";"3795";"242";"251";"980";"0.036";"14.8"
"2014-04-15";"14:13:36";"F";"3796";"233";"238";"1351";"0.021";"11.9"
"2014-04-15";"14:13:38";"SLCE";"";"Light Curve end ";""
"2014-04-15";"14:14:16";"SLCS";"";"Light Curve start ";""
"2014-04-15";"14:14:16";"REG1";"";"#1: alpha: 0.091, ETRm: 9.576, Ek: 105.452   ( beta: 3.182, ETRmPot: 925.149 ) ";""
"2014-04-15";"14:14:16";"REG2";"";"#1: alpha: 0.110, ETRm: 6.400, Ek: 58.110 ";""
"2014-04-15";"14:14:20";"FO";"3797";"252";"298";"0";"0.154";"0.0"
"2014-04-15";"14:14:31";"F";"3798";"234";"268";"105";"0.127";"5.6"
"2014-04-15";"14:14:40";"F";"3799";"220";"249";"162";"0.116";"7.9"
"2014-04-15";"14:14:51";"F";"3800";"195";"218";"242";"0.106";"10.8"
"2014-04-15";"14:15:01";"F";"3801";"188";"200";"346";"0.060";"8.7"
"2014-04-15";"14:15:10";"F";"3802";"173";"181";"484";"0.044";"8.9"
"2014-04-15";"14:15:21";"F";"3803";"160";"164";"632";"0.024";"6.4"
"2014-04-15";"14:15:31";"F";"3804";"154";"155";"980";"0.006";"2.5"
"2014-04-15";"14:15:42";"F";"3805";"149";"149";"1351";"0.000";"0.0"
"2014-04-15";"14:15:43";"SLCE";"";"Light Curve end ";""
"2014-04-15";"14:16:40";"SLCS";"";"Light Curve start ";""
"2014-04-15";"14:16:40";"REG1";"";"#1: alpha: - , ETRm: - , Ek: -   ( beta: - 0.002, ETRmPot: 2.466 ) ";""
"2014-04-15";"14:16:40";"REG2";"";"#1: alpha: 0.031, ETRm: 3.863, Ek: 124.060 ";""
"2014-04-15";"14:16:44";"FO";"3806";"199";"204";"0";"0.025";"0.0"
"2014-04-15";"14:16:55";"F";"3807";"153";"161";"105";"0.050";"2.2"
"2014-04-15";"14:17:04";"F";"3808";"135";"142";"162";"0.049";"3.3"
"2014-04-15";"14:17:15";"F";"3809";"119";"125";"242";"0.048";"4.9"
"2014-04-15";"14:17:25";"F";"3810";"106";"110";"346";"0.036";"5.2"
"2014-04-15";"14:17:35";"F";"3811";"98";"99";"484";"0.010";"2.0"
"2014-04-15";"14:17:45";"F";"3812";"94";"94";"632";"0.000";"0.0"
"2014-04-15";"14:17:55";"F";"3813";"90";"91";"980";"0.011";"4.5"
"2014-04-15";"14:18:06";"F";"3814";"82";"83";"1351";"0.012";"6.8"
"2014-04-15";"14:18:07";"SLCE";"";"Light Curve end ";""
"2014-04-15";"14:18:23";"SLCS";"";"Light Curve start ";""
"2014-04-15";"14:18:23";"REG1";"";"#1: Error: First 3 ETR-Values are not increasing ";""
"2014-04-15";"14:18:23";"REG2";"";"#1: Error: First 3 ETR-Values are not increasing ";""
"2014-04-15";"14:18:28";"FO";"3815";"144";"139";"0";"-";"-"
"2014-04-15";"14:18:37";"F";"3816";"116";"115";"105";"-";"-"
"2014-04-15";"14:18:47";"F";"3817";"100";"100";"162";"0.000";"0.0"
"2014-04-15";"14:18:57";"F";"3818";"89";"88";"242";"-";"-"
"2014-04-15";"14:19:07";"F";"3819";"82";"81";"346";"-";"-"
"2014-04-15";"14:19:17";"F";"3820";"72";"71";"484";"-";"-"
"2014-04-15";"14:19:28";"F";"3821";"67";"67";"632";"0.000";"0.0"
"2014-04-15";"14:19:38";"F";"3822";"60";"60";"980";"0.000";"0.0"
"2014-04-15";"14:19:47";"F";"3823";"57";"57";"1351";"0.000";"0.0"
"2014-04-15";"14:19:49";"SLCE";"";"Light Curve end ";""
"2014-04-15";"14:20:28";"SLCS";"";"Light Curve start ";""
"2014-04-15";"14:20:28";"REG1";"";"#1: Error: First 3 ETR-Values are not increasing ";""
"2014-04-15";"14:20:28";"REG2";"";"#1: Error: First 3 ETR-Values are not increasing ";""
"2014-04-15";"14:20:31";"FO";"3824";"543";"675";"0";"0.196";"0.0"
"2014-04-15";"14:20:41";"F";"3825";"407";"466";"105";"0.127";"5.6"
"2014-04-15";"14:20:51";"F";"3826";"314";"342";"162";"0.082";"5.6"
"2014-04-15";"14:21:01";"F";"3827";"258";"275";"242";"0.062";"6.3"
"2014-04-15";"14:21:11";"F";"3828";"219";"230";"346";"0.048";"7.0"
"2014-04-15";"14:21:22";"F";"3829";"196";"205";"484";"0.044";"8.9"
"2014-04-15";"14:21:32";"F";"3830";"179";"184";"632";"0.027";"7.2"
"2014-04-15";"14:21:41";"F";"3831";"170";"172";"980";"0.012";"4.9"
"2014-04-15";"14:21:52";"F";"3832";"162";"161";"1351";"-";"-"
"2014-04-15";"14:21:53";"SLCE";"";"Light Curve end ";""
"2014-04-15";"14:22:18";"SLCS";"";"Light Curve start ";""
"2014-04-15";"14:22:18";"REG1";"";"#1: alpha: 0.062, ETRm: 10.921, Ek: 176.274   ( beta: 0.309, ETRmPot: 162.540 ) ";""
"2014-04-15";"14:22:18";"REG2";"";"#1: alpha: 0.065, ETRm: 8.914, Ek: 136.216 ";""
"2014-04-15";"14:22:22";"FO";"3833";"392";"478";"0";"0.180";"0.0"
"2014-04-15";"14:22:33";"F";"3834";"315";"365";"105";"0.137";"6.0"
"2014-04-15";"14:22:42";"F";"3835";"267";"301";"162";"0.113";"7.7"
"2014-04-15";"14:22:52";"F";"3836";"219";"236";"242";"0.072";"7.3"
"2014-04-15";"14:23:03";"F";"3837";"192";"204";"346";"0.059";"8.6"
"2014-04-15";"14:23:13";"F";"3838";"179";"187";"484";"0.043";"8.7"
"2014-04-15";"14:23:22";"F";"3839";"161";"174";"632";"0.075";"19.9"
"2014-04-15";"14:23:33";"F";"3840";"155";"155";"980";"0.000";"0.0"
"2014-04-15";"14:23:43";"F";"3841";"143";"145";"1351";"0.014";"7.9"
"2014-04-15";"14:23:45";"SLCE";"";"Light Curve end ";""
"2014-04-15";"14:24:39";"SLCS";"";"Light Curve start ";""
"2014-04-15";"14:24:39";"REG1";"";"#1: alpha: 0.069, ETRm: 8.822, Ek: 128.073   ( beta: 1.760, ETRmPot: 624.662 ) ";""
"2014-04-15";"14:24:39";"REG2";"";"#1: alpha: 0.106, ETRm: 6.276, Ek: 59.304 ";""
"2014-04-15";"14:24:44";"FO";"3842";"441";"547";"0";"0.194";"0.0"
"2014-04-15";"14:24:53";"F";"3843";"368";"425";"105";"0.134";"5.9"
"2014-04-15";"14:25:04";"F";"3844";"312";"343";"162";"0.090";"6.1"
"2014-04-15";"14:25:14";"F";"3845";"264";"288";"242";"0.083";"8.4"
"2014-04-15";"14:25:24";"F";"3846";"236";"250";"346";"0.056";"8.1"
"2014-04-15";"14:25:34";"F";"3847";"212";"222";"484";"0.045";"9.1"
"2014-04-15";"14:25:44";"F";"3848";"198";"204";"632";"0.029";"7.7"
"2014-04-15";"14:25:54";"F";"3849";"188";"190";"980";"0.011";"4.5"
"2014-04-15";"14:26:05";"F";"3850";"184";"184";"1351";"0.000";"0.0"
"2014-04-15";"14:26:05";"SLCE";"";"Light Curve end ";""
"2014-04-15";"14:26:24";"SLCS";"";"Light Curve start ";""
"2014-04-15";"14:26:26";"SLCE";"";"Light Curve end ";""
"2014-04-15";"14:26:32";"SLCS";"";"Light Curve start ";""
"2014-04-15";"14:26:32";"REG1";"";"#1: alpha: 0.067, ETRm: 10.643, Ek: 159.097   ( beta: 1.545, ETRmPot: 682.587 ) ";""
"2014-04-15";"14:26:32";"REG2";"";"#1: alpha: 0.063, ETRm: 9.439, Ek: 150.693 ";""
"2014-04-15";"14:26:36";"FO";"3851";"292";"362";"0";"0.193";"0.0"
"2014-04-15";"14:26:47";"F";"3852";"264";"306";"105";"0.137";"6.0"
"2014-04-15";"14:26:57";"F";"3853";"224";"248";"162";"0.097";"6.6"
"2014-04-15";"14:27:07";"F";"3854";"198";"218";"242";"0.092";"9.4"
"2014-04-15";"14:27:17";"F";"3855";"179";"191";"346";"0.063";"9.2"
"2014-04-15";"14:27:27";"F";"3856";"167";"177";"484";"0.056";"11.4"
"2014-04-15";"14:27:38";"F";"3857";"155";"162";"632";"0.043";"11.4"
"2014-04-15";"14:27:47";"F";"3858";"152";"154";"980";"0.013";"5.4"
"2014-04-15";"14:27:58";"F";"3859";"147";"146";"1351";"-";"-"
"2014-04-15";"14:27:59";"SLCE";"";"Light Curve end ";""
"2014-04-15";"14:29:22";"SLCS";"";"Light Curve start ";""
"2014-04-15";"14:29:22";"REG1";"";"#1: alpha: 0.067, ETRm: 8.244, Ek: 123.314   ( beta: 2.617, ETRmPot: 888.523 ) ";""
"2014-04-15";"14:29:22";"REG2";"";"#1: alpha: 0.068, ETRm: 6.743, Ek: 99.003 ";""
"2014-04-15";"14:29:26";"FO";"3860";"297";"363";"0";"0.182";"0.0"
"2014-04-15";"14:29:36";"F";"3861";"269";"303";"105";"0.112";"4.9"
"2014-04-15";"14:29:46";"F";"3862";"228";"252";"162";"0.095";"6.5"
"2014-04-15";"14:29:57";"F";"3863";"195";"211";"242";"0.076";"7.7"
"2014-04-15";"14:30:06";"F";"3864";"173";"184";"346";"0.060";"8.7"
"2014-04-15";"14:30:17";"F";"3865";"158";"164";"484";"0.037";"7.5"
"2014-04-15";"14:30:27";"F";"3866";"149";"153";"632";"0.026";"6.9"
"2014-04-15";"14:30:36";"F";"3867";"141";"142";"980";"0.007";"2.9"
"2014-04-15";"14:30:47";"F";"3868";"137";"136";"1351";"-";"-"
"2014-04-15";"14:30:48";"SLCE";"";"Light Curve end ";""
"2014-04-15";"14:31:12";"SLCS";"";"Light Curve start ";""
"2014-04-15";"14:31:12";"REG1";"";"#1: alpha: 0.063, ETRm: 5.425, Ek: 86.068   ( beta: 2.016, ETRmPot: 478.942 ) ";""
"2014-04-15";"14:31:12";"REG2";"";"#1: alpha: 0.092, ETRm: 3.265, Ek: 35.424 ";""
"2014-04-15";"14:31:16";"FO";"3869";"205";"229";"0";"0.105";"0.0"
"2014-04-15";"14:31:26";"F";"3870";"196";"211";"105";"0.071";"3.1"
"2014-04-15";"14:31:36";"F";"3871";"175";"190";"162";"0.079";"5.4"
"2014-04-15";"14:31:45";"F";"3872";"159";"168";"242";"0.054";"5.5"
"2014-04-15";"14:31:56";"F";"3873";"149";"155";"346";"0.039";"5.7"
"2014-04-15";"14:32:06";"F";"3874";"137";"140";"484";"0.021";"4.3"
"2014-04-15";"14:32:15";"F";"3875";"128";"129";"632";"0.008";"2.1"
"2014-04-15";"14:32:26";"F";"3876";"121";"121";"980";"0.000";"0.0"
"2014-04-15";"14:32:36";"F";"3877";"116";"116";"1351";"0.000";"0.0"
"2014-04-15";"14:32:38";"SLCE";"";"Light Curve end ";""
"2014-04-15";"14:33:00";"SLCS";"";"Light Curve start ";""
"2014-04-15";"14:33:00";"REG1";"";"#1: alpha: 0.260, ETRm: 3.604, Ek: 13.859   ( beta: 0.000, ETRmPot: 3.616 ) ";""
"2014-04-15";"14:33:00";"REG2";"";"#1: alpha: 0.367, ETRm: 3.562, Ek: 9.711 ";""
"2014-04-15";"14:33:04";"FO";"3878";"151";"172";"0";"0.122";"0.0"
"2014-04-15";"14:33:13";"F";"3879";"137";"149";"105";"0.081";"3.6"
"2014-04-15";"14:33:23";"F";"3880";"131";"139";"162";"0.058";"3.9"
"2014-04-15";"14:33:34";"F";"3881";"125";"130";"242";"0.038";"3.9"
"2014-04-15";"14:33:44";"F";"3882";"118";"122";"346";"0.033";"4.8"
"2014-04-15";"14:33:54";"F";"3883";"109";"110";"484";"0.009";"1.8"
"2014-04-15";"14:34:04";"F";"3884";"109";"111";"632";"0.018";"4.8"
"2014-04-15";"14:34:15";"F";"3885";"104";"104";"980";"0.000";"0.0"
"2014-04-15";"14:34:25";"F";"3886";"96";"97";"1351";"0.010";"5.7"
"2014-04-15";"14:34:25";"SLCE";"";"Light Curve end ";""
"2014-04-15";"14:34:43";"SLCS";"";"Light Curve start ";""
"2014-04-15";"14:34:43";"REG1";"";"#1: alpha: 0.081, ETRm: 8.714, Ek: 107.260   ( beta: 0.001, ETRmPot: 9.295 ) ";""
"2014-04-15";"14:34:43";"REG2";"";"#1: alpha: 0.062, ETRm: 8.473, Ek: 135.870 ";""
"2014-04-15";"14:34:47";"FO";"3887";"201";"249";"0";"0.193";"0.0"
"2014-04-15";"14:34:57";"F";"3888";"195";"227";"105";"0.141";"6.2"
"2014-04-15";"14:35:07";"F";"3889";"188";"207";"162";"0.092";"6.3"
"2014-04-15";"14:35:17";"F";"3890";"168";"182";"242";"0.077";"7.8"
"2014-04-15";"14:35:27";"F";"3891";"152";"161";"346";"0.056";"8.1"
"2014-04-15";"14:35:37";"F";"3892";"141";"148";"484";"0.047";"9.6"
"2014-04-15";"14:35:47";"F";"3893";"135";"140";"632";"0.036";"9.6"
"2014-04-15";"14:35:57";"F";"3894";"133";"135";"980";"0.015";"6.2"
"2014-04-15";"14:36:08";"F";"3895";"125";"127";"1351";"0.016";"9.1"
"2014-04-15";"14:36:09";"SLCE";"";"Light Curve end ";""
"2014-04-15";"14:36:53";"SLCS";"";"Light Curve start ";""
"2014-04-15";"14:36:53";"REG1";"";"#1: alpha: 0.077, ETRm: 9.000, Ek: 116.421   ( beta: 1.901, ETRmPot: 613.669 ) ";""
"2014-04-15";"14:36:53";"REG2";"";"#1: alpha: 0.303, ETRm: 6.088, Ek: 20.106 ";""
"2014-04-15";"14:36:58";"FO";"3896";"284";"349";"0";"0.186";"0.0"
"2014-04-15";"14:37:06";"F";"3897";"275";"324";"105";"0.151";"6.7"
"2014-04-15";"14:37:17";"F";"3898";"243";"274";"162";"0.113";"7.7"
"2014-04-15";"14:37:27";"F";"3899";"217";"231";"242";"0.061";"6.2"
"2014-04-15";"14:37:38";"F";"3900";"201";"213";"346";"0.056";"8.1"
"2014-04-15";"14:37:48";"F";"3901";"183";"192";"484";"0.047";"9.6"
"2014-04-15";"14:37:57";"F";"3902";"171";"178";"632";"0.039";"10.4"
"2014-04-15";"14:38:08";"F";"3903";"169";"169";"980";"0.000";"0.0"
"2014-04-15";"14:38:18";"F";"3904";"163";"163";"1351";"0.000";"0.0"
"2014-04-15";"14:38:20";"SLCE";"";"Light Curve end ";""
"2014-04-15";"14:38:40";"SLCS";"";"Light Curve start ";""
"2014-04-15";"14:38:40";"REG1";"";"#1: alpha: 0.128, ETRm: 10.198, Ek: 79.805   ( beta: 0.004, ETRmPot: 11.693 ) ";""
"2014-04-15";"14:38:40";"REG2";"";"#1: alpha: 0.102, ETRm: 9.351, Ek: 92.003 ";""
"2014-04-15";"14:38:44";"FO";"3905";"253";"326";"0";"0.224";"0.0"
"2014-04-15";"14:38:54";"F";"3906";"253";"303";"105";"0.165";"7.3"
"2014-04-15";"14:39:04";"F";"3907";"252";"291";"162";"0.134";"9.1"
"2014-04-15";"14:39:15";"F";"3908";"237";"263";"242";"0.099";"10.1"
"2014-04-15";"14:39:24";"F";"3909";"234";"255";"346";"0.082";"11.9"
"2014-04-15";"14:39:35";"F";"3910";"222";"235";"484";"0.055";"11.2"
"2014-04-15";"14:39:45";"F";"3911";"208";"215";"632";"0.033";"8.8"
"2014-04-15";"14:39:54";"F";"3912";"202";"203";"980";"0.005";"2.1"
"2014-04-15";"14:40:05";"F";"3913";"190";"194";"1351";"0.021";"11.9"
"2014-04-15";"14:40:06";"SLCE";"";"Light Curve end ";""
"2014-04-15";"14:40:34";"SLCS";"";"Light Curve start ";""
"2014-04-15";"14:40:34";"REG1";"";"#1: alpha: 0.078, ETRm: 12.801, Ek: 164.071   ( beta: 1.716, ETRmPot: 782.665 ) ";""
"2014-04-15";"14:40:34";"REG2";"";"#1: alpha: 0.082, ETRm: 10.049, Ek: 122.833 ";""
"2014-04-15";"14:40:39";"FO";"3914";"298";"387";"0";"0.230";"0.0"
"2014-04-15";"14:40:47";"F";"3915";"293";"343";"105";"0.146";"6.4"
"2014-04-15";"14:40:58";"F";"3916";"299";"344";"162";"0.131";"8.9"
"2014-04-15";"14:41:08";"F";"3917";"291";"324";"242";"0.102";"10.4"
"2014-04-15";"14:41:17";"F";"3918";"287";"312";"346";"0.080";"11.6"
"2014-04-15";"14:41:28";"F";"3919";"278";"297";"484";"0.064";"13.0"
"2014-04-15";"14:41:38";"F";"3920";"275";"288";"632";"0.045";"11.9"
"2014-04-15";"14:41:49";"F";"3921";"271";"280";"980";"0.032";"13.2"
"2014-04-15";"14:41:58";"F";"3922";"264";"264";"1351";"0.000";"0.0"
"2014-04-15";"14:42:00";"SLCE";"";"Light Curve end ";""
"2014-04-15";"14:42:17";"SLCS";"";"Light Curve start ";""
"2014-04-15";"14:42:17";"REG1";"";"#1: alpha: 0.068, ETRm: 10.509, Ek: 154.929   ( beta: 0.009, ETRmPot: 15.755 ) ";""
"2014-04-15";"14:42:17";"REG2";"";"#1: alpha: 0.057, ETRm: 9.573, Ek: 167.094 ";""
"2014-04-15";"14:42:21";"FO";"3923";"250";"299";"0";"0.164";"0.0"
"2014-04-15";"14:42:32";"F";"3924";"258";"293";"105";"0.119";"5.2"
"2014-04-15";"14:42:42";"F";"3925";"256";"286";"162";"0.105";"7.1"
"2014-04-15";"14:42:51";"F";"3926";"250";"273";"242";"0.084";"8.5"
"2014-04-15";"14:43:02";"F";"3927";"254";"271";"346";"0.063";"9.2"
"2014-04-15";"14:43:12";"F";"3928";"240";"255";"484";"0.059";"12.0"
"2014-04-15";"14:43:23";"F";"3929";"233";"245";"632";"0.049";"13.0"
"2014-04-15";"14:43:32";"F";"3930";"237";"239";"980";"0.008";"3.3"
"2014-04-15";"14:43:42";"F";"3931";"221";"225";"1351";"0.018";"10.2"
"2014-04-15";"14:43:44";"SLCE";"";"Light Curve end ";""
"2014-04-15";"14:43:58";"SLCS";"";"Light Curve start ";""
"2014-04-15";"14:43:58";"REG1";"";"#1: alpha: - , ETRm: - , Ek: -   ( beta: - 4.665, ETRmPot: - 375.844 ) ";""
"2014-04-15";"14:43:58";"REG2";"";"#1: alpha: 0.200, ETRm: 100.000, Ek: 500.000 ";""
"2014-04-15";"14:44:03";"FO";"3932";"223";"242";"0";"0.079";"0.0"
"2014-04-15";"14:44:12";"F";"3933";"215";"229";"105";"0.061";"2.7"
"2014-04-15";"14:44:22";"F";"3934";"204";"216";"162";"0.056";"3.8"
"2014-04-15";"14:44:32";"F";"3935";"198";"210";"242";"0.057";"5.8"
"2014-04-15";"14:44:42";"F";"3936";"190";"197";"346";"0.036";"5.2"
"2014-04-15";"14:44:52";"F";"3937";"186";"192";"484";"0.031";"6.3"
"2014-04-15";"14:45:02";"F";"3938";"173";"177";"632";"0.023";"6.1"
"2014-04-15";"14:45:13";"F";"3939";"176";"175";"980";"-";"-"
"2014-04-15";"14:45:23";"F";"3940";"168";"168";"1351";"0.000";"0.0"
"2014-04-15";"14:45:25";"SLCE";"";"Light Curve end ";""
"2014-04-15";"14:45:44";"SLCS";"";"Light Curve start ";""
"2014-04-15";"14:45:44";"REG1";"";"#1: alpha: 0.043, ETRm: 6.161, Ek: 143.124   ( beta: 0.529, ETRmPot: 214.089 ) ";""
"2014-04-15";"14:45:44";"REG2";"";"#1: alpha: 0.049, ETRm: 4.618, Ek: 93.722 ";""
"2014-04-15";"14:45:48";"FO";"3941";"87";"97";"0";"0.103";"0.0"
"2014-04-15";"14:45:57";"F";"3942";"90";"98";"105";"0.082";"3.6"
"2014-04-15";"14:46:08";"F";"3943";"85";"91";"162";"0.066";"4.5"
"2014-04-15";"14:46:18";"F";"3944";"86";"90";"242";"0.044";"4.5"
"2014-04-15";"14:46:29";"F";"3945";"83";"87";"346";"0.046";"6.7"
"2014-04-15";"14:46:39";"F";"3946";"78";"81";"484";"0.037";"7.5"
"2014-04-15";"14:46:48";"F";"3947";"78";"79";"632";"0.013";"3.5"
"2014-04-15";"14:46:59";"F";"3948";"77";"78";"980";"0.013";"5.4"
"2014-04-15";"14:47:09";"F";"3949";"74";"74";"1351";"0.000";"0.0"
"2014-04-15";"14:47:11";"SLCE";"";"Light Curve end ";""
"2014-04-15";"17:30:07";"SLCS";"";"Light Curve start ";""
"2014-04-15";"17:30:08";"SLCE";"";"Light Curve end ";""
"2014-04-15";"17:30:11";"SLCS";"";"Light Curve start ";""
"2014-04-15";"17:30:11";"REG1";"";"#1: alpha: 0.094, ETRm: 17.182, Ek: 182.479   ( beta: 1.027, ETRmPot: 532.802 ) ";""
"2014-04-15";"17:30:11";"REG2";"";"#1: alpha: 0.116, ETRm: 13.720, Ek: 118.092 ";""
"2014-04-15";"17:30:16";"FO";"3951";"151";"224";"0";"0.326";"0.0"
"2014-04-15";"17:30:25";"F";"3952";"168";"215";"105";"0.219";"9.7"
"2014-04-15";"17:30:34";"F";"3953";"154";"188";"162";"0.181";"12.3"
"2014-04-15";"17:30:45";"F";"3954";"136";"155";"242";"0.123";"12.5"
"2014-04-15";"17:30:55";"F";"3955";"123";"137";"346";"0.102";"14.8"
"2014-04-15";"17:31:06";"F";"3956";"114";"124";"484";"0.081";"16.5"
"2014-04-15";"17:31:15";"F";"3957";"106";"112";"632";"0.054";"14.3"
"2014-04-15";"17:31:25";"F";"3958";"99";"105";"980";"0.057";"23.5"
"2014-04-15";"17:31:36";"F";"3959";"98";"98";"1351";"0.000";"0.0"
"2014-04-15";"17:31:37";"SLCE";"";"Light Curve end ";""
"2014-04-15";"17:31:56";"SLCS";"";"Light Curve start ";""
"2014-04-15";"17:31:56";"REG1";"";"#1: alpha: 0.146, ETRm: 16.838, Ek: 115.185   ( beta: 0.017, ETRmPot: 24.419 ) ";""
"2014-04-15";"17:31:56";"REG2";"";"#1: alpha: 0.137, ETRm: 14.476, Ek: 105.931 ";""
"2014-04-15";"17:32:00";"FO";"3960";"280";"417";"0";"0.329";"0.0"
"2014-04-15";"17:32:10";"F";"3961";"300";"395";"105";"0.241";"10.6"
"2014-04-15";"17:32:20";"F";"3962";"305";"378";"162";"0.193";"13.1"
"2014-04-15";"17:32:30";"F";"3963";"280";"330";"242";"0.152";"15.4"
"2014-04-15";"17:32:41";"F";"3964";"267";"303";"346";"0.119";"17.3"
"2014-04-15";"17:32:51";"F";"3965";"245";"268";"484";"0.086";"17.5"
"2014-04-15";"17:33:00";"F";"3966";"233";"249";"632";"0.064";"17.0"
"2014-04-15";"17:33:11";"F";"3967";"242";"246";"980";"0.016";"6.6"
"2014-04-15";"17:33:21";"F";"3968";"213";"218";"1351";"0.023";"13.1"
"2014-04-15";"17:33:23";"SLCE";"";"Light Curve end ";""
"2014-04-15";"17:33:57";"SLCS";"";"Light Curve start ";""
"2014-04-15";"17:33:59";"SLCE";"";"Light Curve end ";""
"2014-04-15";"17:34:02";"SLCS";"";"Light Curve start ";""
"2014-04-15";"17:34:02";"REG1";"";"#1: alpha: 0.112, ETRm: 18.128, Ek: 162.384   ( beta: 0.018, ETRmPot: 28.861 ) ";""
"2014-04-15";"17:34:02";"REG2";"";"#1: alpha: 0.118, ETRm: 15.913, Ek: 135.197 ";""
"2014-04-15";"17:34:06";"FO";"3969";"189";"292";"0";"0.353";"0.0"
"2014-04-15";"17:34:16";"F";"3970";"214";"285";"105";"0.249";"11.0"
"2014-04-15";"17:34:27";"F";"3971";"200";"245";"162";"0.184";"12.5"
"2014-04-15";"17:34:36";"F";"3972";"185";"216";"242";"0.144";"14.6"
"2014-04-15";"17:34:47";"F";"3973";"164";"185";"346";"0.114";"16.6"
"2014-04-15";"17:34:57";"F";"3974";"154";"169";"484";"0.089";"18.1"
"2014-04-15";"17:35:06";"F";"3975";"145";"153";"632";"0.052";"13.8"
"2014-04-15";"17:35:17";"F";"3976";"134";"142";"980";"0.056";"23.0"
"2014-04-15";"17:35:27";"F";"3977";"133";"135";"1351";"0.015";"8.5"
"2014-04-15";"17:35:29";"SLCE";"";"Light Curve end ";""
"2014-04-15";"17:35:49";"SLCS";"";"Light Curve start ";""
"2014-04-15";"17:35:49";"REG1";"";"#1: alpha: 0.158, ETRm: 16.528, Ek: 104.727   ( beta: 0.002, ETRmPot: 17.754 ) ";""
"2014-04-15";"17:35:49";"REG2";"";"#1: alpha: 0.115, ETRm: 16.145, Ek: 139.862 ";""
"2014-04-15";"17:35:53";"FO";"3978";"180";"269";"0";"0.331";"0.0"
"2014-04-15";"17:36:03";"F";"3979";"190";"244";"105";"0.221";"9.7"
"2014-04-15";"17:36:14";"F";"3980";"181";"226";"162";"0.199";"13.5"
"2014-04-15";"17:36:24";"F";"3981";"166";"195";"242";"0.149";"15.1"
"2014-04-15";"17:36:34";"F";"3982";"148";"169";"346";"0.124";"18.0"
"2014-04-15";"17:36:44";"F";"3983";"135";"148";"484";"0.088";"17.9"
"2014-04-15";"17:36:54";"F";"3984";"124";"132";"632";"0.061";"16.2"
"2014-04-15";"17:37:04";"F";"3985";"123";"126";"980";"0.024";"9.9"
"2014-04-15";"17:37:14";"F";"3986";"118";"122";"1351";"0.033";"18.7"
"2014-04-15";"17:37:16";"SLCE";"";"Light Curve end ";""
"2014-04-15";"17:37:50";"SLCS";"";"Light Curve start ";""
"2014-04-15";"17:37:50";"REG1";"";"#1: alpha: 0.106, ETRm: 17.339, Ek: 163.376   ( beta: 2.888, ETRmPot: 1306.123 ) ";""
"2014-04-15";"17:37:50";"REG2";"";"#1: alpha: 0.105, ETRm: 13.847, Ek: 132.098 ";""
"2014-04-15";"17:37:55";"FO";"3987";"312";"437";"0";"0.286";"0.0"
"2014-04-15";"17:38:04";"F";"3988";"328";"409";"105";"0.198";"8.7"
"2014-04-15";"17:38:14";"F";"3989";"311";"374";"162";"0.168";"11.4"
"2014-04-15";"17:38:25";"F";"3990";"295";"341";"242";"0.135";"13.7"
"2014-04-15";"17:38:35";"F";"3991";"271";"305";"346";"0.111";"16.1"
"2014-04-15";"17:38:46";"F";"3992";"256";"284";"484";"0.099";"20.1"
"2014-04-15";"17:38:55";"F";"3993";"250";"266";"632";"0.060";"15.9"
"2014-04-15";"17:39:05";"F";"3994";"237";"244";"980";"0.029";"11.9"
"2014-04-15";"17:39:16";"F";"3995";"229";"231";"1351";"0.009";"5.1"
"2014-04-15";"17:39:17";"SLCE";"";"Light Curve end ";""
"2014-04-15";"17:39:41";"SLCS";"";"Light Curve start ";""
"2014-04-15";"17:39:41";"REG1";"";"#1: alpha: 0.065, ETRm: 9.229, Ek: 141.309   ( beta: 1.201, ETRmPot: 473.648 ) ";""
"2014-04-15";"17:39:41";"REG2";"";"#1: alpha: 0.070, ETRm: 7.807, Ek: 112.221 ";""
"2014-04-15";"17:39:45";"FO";"3996";"259";"298";"0";"0.131";"0.0"
"2014-04-15";"17:39:54";"F";"3997";"250";"288";"105";"0.132";"5.8"
"2014-04-15";"17:40:05";"F";"3998";"238";"264";"162";"0.098";"6.7"
"2014-04-15";"17:40:15";"F";"3999";"226";"245";"242";"0.078";"7.9"
"2014-04-15";"17:40:25";"F";"4000";"207";"219";"346";"0.055";"8.0"
"2014-04-15";"17:40:35";"F";"1";"197";"208";"484";"0.053";"10.8"
"2014-04-15";"17:40:45";"F";"2";"190";"196";"632";"0.031";"8.2"
"2014-04-15";"17:40:56";"F";"3";"190";"192";"980";"0.010";"4.1"
"2014-04-15";"17:41:06";"F";"4";"174";"173";"1351";"-";"-"
"2014-04-15";"17:41:08";"SLCE";"";"Light Curve end ";""
"2014-04-15";"17:41:53";"SLCS";"";"Light Curve start ";""
"2014-04-15";"17:41:54";"SLCE";"";"Light Curve end ";""
"2014-04-15";"17:42:07";"SLCS";"";"Light Curve start ";""
"2014-04-15";"17:42:09";"SLCE";"";"Light Curve end ";""
"2014-04-15";"17:42:16";"SLCS";"";"Light Curve start ";""
"2014-04-15";"17:42:16";"REG1";"";"#1: alpha: 0.072, ETRm: 4.148, Ek: 58.003   ( beta: 1.940, ETRmPot: 311.433 ) ";""
"2014-04-15";"17:42:16";"REG2";"";"#1: alpha: 0.169, ETRm: 2.343, Ek: 13.850 ";""
"2014-04-15";"17:42:21";"FO";"5";"158";"174";"0";"0.092";"0.0"
"2014-04-15";"17:42:29";"F";"6";"146";"158";"105";"0.076";"3.4"
"2014-04-15";"17:42:40";"F";"7";"142";"152";"162";"0.066";"4.5"
"2014-04-15";"17:42:50";"F";"8";"139";"144";"242";"0.035";"3.6"
"2014-04-15";"17:43:01";"F";"9";"128";"131";"346";"0.023";"3.3"
"2014-04-15";"17:43:10";"F";"10";"122";"123";"484";"0.008";"1.6"
"2014-04-15";"17:43:20";"F";"11";"120";"120";"632";"0.000";"0.0"
"2014-04-15";"17:43:31";"F";"12";"114";"114";"980";"0.000";"0.0"
"2014-04-15";"17:43:41";"F";"13";"109";"107";"1351";"-";"-"
"2014-04-15";"17:43:43";"SLCE";"";"Light Curve end ";""
"2014-04-15";"17:43:59";"SLCS";"";"Light Curve start ";""
"2014-04-15";"17:43:59";"REG1";"";"#1: alpha: 0.085, ETRm: 12.956, Ek: 151.610   ( beta: 1.595, ETRmPot: 674.984 ) ";""
"2014-04-15";"17:43:59";"REG2";"";"#1: alpha: 0.101, ETRm: 9.714, Ek: 96.468 ";""
"2014-04-15";"17:44:04";"FO";"14";"438";"588";"0";"0.255";"0.0"
"2014-04-15";"17:44:13";"F";"15";"395";"475";"105";"0.168";"7.4"
"2014-04-15";"17:44:23";"F";"16";"355";"412";"162";"0.138";"9.4"
"2014-04-15";"17:44:34";"F";"17";"300";"334";"242";"0.102";"10.4"
"2014-04-15";"17:44:44";"F";"18";"264";"284";"346";"0.070";"10.2"
"2014-04-15";"17:44:53";"F";"19";"235";"250";"484";"0.060";"12.2"
"2014-04-15";"17:45:04";"F";"20";"213";"228";"632";"0.066";"17.5"
"2014-04-15";"17:45:14";"F";"21";"204";"208";"980";"0.019";"7.8"
"2014-04-15";"17:45:25";"F";"22";"189";"189";"1351";"0.000";"0.0"
"2014-04-15";"17:45:25";"SLCE";"";"Light Curve end ";""
"2014-04-15";"17:45:45";"SLCS";"";"Light Curve start ";""
"2014-04-15";"17:45:45";"REG1";"";"#1: alpha: 0.119, ETRm: 12.603, Ek: 105.695   ( beta: 0.015, ETRmPot: 18.815 ) ";""
"2014-04-15";"17:45:45";"REG2";"";"#1: alpha: 0.108, ETRm: 11.307, Ek: 104.691 ";""
"2014-04-15";"17:45:49";"FO";"23";"370";"503";"0";"0.264";"0.0"
"2014-04-15";"17:45:58";"F";"24";"368";"455";"105";"0.191";"8.4"
"2014-04-15";"17:46:09";"F";"25";"330";"389";"162";"0.152";"10.3"
"2014-04-15";"17:46:19";"F";"26";"284";"321";"242";"0.115";"11.7"
"2014-04-15";"17:46:29";"F";"27";"239";"264";"346";"0.095";"13.8"
"2014-04-15";"17:46:39";"F";"28";"213";"227";"484";"0.062";"12.6"
"2014-04-15";"17:46:49";"F";"29";"195";"202";"632";"0.035";"9.3"
"2014-04-15";"17:46:59";"F";"30";"179";"183";"980";"0.022";"9.1"
"2014-04-15";"17:47:10";"F";"31";"170";"169";"1351";"-";"-"
"2014-04-15";"17:47:10";"SLCE";"";"Light Curve end ";""
"2014-04-15";"17:48:07";"SLCS";"";"Light Curve start ";""
"2014-04-15";"17:48:07";"REG1";"";"#1: alpha: 0.127, ETRm: 15.035, Ek: 118.428   ( beta: 3.842, ETRmPot: 1257.109 ) ";""
"2014-04-15";"17:48:07";"REG2";"";"#1: alpha: 0.157, ETRm: 10.445, Ek: 66.716 ";""
"2014-04-15";"17:48:11";"FO";"32";"261";"360";"0";"0.275";"0.0"
"2014-04-15";"17:48:21";"F";"33";"266";"334";"105";"0.204";"9.0"
"2014-04-15";"17:48:31";"F";"34";"250";"301";"162";"0.169";"11.5"
"2014-04-15";"17:48:42";"F";"35";"224";"263";"242";"0.148";"15.0"
"2014-04-15";"17:48:51";"F";"36";"198";"219";"346";"0.096";"14.0"
"2014-04-15";"17:49:01";"F";"37";"180";"195";"484";"0.077";"15.7"
"2014-04-15";"17:49:12";"F";"38";"170";"178";"632";"0.045";"11.9"
"2014-04-15";"17:49:21";"F";"39";"154";"156";"980";"0.013";"5.4"
"2014-04-15";"17:49:31";"F";"40";"146";"146";"1351";"0.000";"0.0"
"2014-04-15";"17:49:33";"SLCE";"";"Light Curve end ";""
"2014-04-15";"17:49:52";"SLCS";"";"Light Curve start ";""
"2014-04-15";"17:49:52";"REG1";"";"#1: alpha: 0.094, ETRm: 16.325, Ek: 173.586   ( beta: 0.040, ETRmPot: 39.043 ) ";""
"2014-04-15";"17:49:52";"REG2";"";"#1: alpha: 0.092, ETRm: 14.012, Ek: 152.125 ";""
"2014-04-15";"17:49:57";"FO";"41";"272";"371";"0";"0.267";"0.0"
"2014-04-15";"17:50:06";"F";"42";"275";"341";"105";"0.194";"8.6"
"2014-04-15";"17:50:16";"F";"43";"273";"322";"162";"0.152";"10.3"
"2014-04-15";"17:50:26";"F";"44";"260";"298";"242";"0.128";"13.0"
"2014-04-15";"17:50:37";"F";"45";"244";"272";"346";"0.103";"15.0"
"2014-04-15";"17:50:46";"F";"46";"231";"250";"484";"0.076";"15.4"
"2014-04-15";"17:50:57";"F";"47";"217";"234";"632";"0.073";"19.4"
"2014-04-15";"17:51:07";"F";"48";"216";"221";"980";"0.023";"9.5"
"2014-04-15";"17:51:16";"F";"49";"207";"211";"1351";"0.019";"10.8"
"2014-04-15";"17:51:18";"SLCE";"";"Light Curve end ";""
"2014-04-15";"17:52:26";"SLCS";"";"Light Curve start ";""
"2014-04-15";"17:52:26";"REG1";"";"#1: alpha: 0.092, ETRm: 10.843, Ek: 118.483   ( beta: 0.001, ETRmPot: 11.600 ) ";""
"2014-04-15";"17:52:26";"REG2";"";"#1: alpha: 0.070, ETRm: 10.583, Ek: 151.106 ";""
"2014-04-15";"17:52:30";"FO";"50";"415";"509";"0";"0.185";"0.0"
"2014-04-15";"17:52:40";"F";"51";"380";"441";"105";"0.138";"6.1"
"2014-04-15";"17:52:51";"F";"52";"354";"406";"162";"0.128";"8.7"
"2014-04-15";"17:53:00";"F";"53";"324";"358";"242";"0.095";"9.7"
"2014-04-15";"17:53:11";"F";"54";"287";"309";"346";"0.071";"10.3"
"2014-04-15";"17:53:21";"F";"55";"260";"274";"484";"0.051";"10.4"
"2014-04-15";"17:53:30";"F";"56";"247";"258";"632";"0.043";"11.4"
"2014-04-15";"17:53:41";"F";"57";"231";"237";"980";"0.025";"10.3"
"2014-04-15";"17:53:51";"F";"58";"220";"224";"1351";"0.018";"10.2"
"2014-04-15";"17:53:53";"SLCE";"";"Light Curve end ";""
"2014-04-15";"17:54:09";"SLCS";"";"Light Curve start ";""
"2014-04-15";"17:54:09";"REG1";"";"#1: alpha: 0.074, ETRm: 5.518, Ek: 75.010   ( beta: 0.002, ETRmPot: 6.317 ) ";""
"2014-04-15";"17:54:09";"REG2";"";"#1: alpha: 0.055, ETRm: 5.055, Ek: 92.308 ";""
"2014-04-15";"17:54:14";"FO";"59";"356";"416";"0";"0.144";"0.0"
"2014-04-15";"17:54:23";"F";"60";"326";"355";"105";"0.082";"3.6"
"2014-04-15";"17:54:34";"F";"61";"291";"316";"162";"0.079";"5.4"
"2014-04-15";"17:54:44";"F";"62";"263";"280";"242";"0.061";"6.2"
"2014-04-15";"17:54:53";"F";"63";"240";"250";"346";"0.040";"5.8"
"2014-04-15";"17:55:04";"F";"64";"219";"227";"484";"0.035";"7.1"
"2014-04-15";"17:55:14";"F";"65";"208";"210";"632";"0.010";"2.7"
"2014-04-15";"17:55:25";"F";"66";"195";"196";"980";"0.005";"2.1"
"2014-04-15";"17:55:34";"F";"67";"183";"185";"1351";"0.011";"6.2"
"2014-04-15";"17:55:36";"SLCE";"";"Light Curve end ";""
"2014-04-15";"17:56:04";"SLCS";"";"Light Curve start ";""
"2014-04-15";"17:56:04";"REG1";"";"#1: alpha: - , ETRm: - , Ek: -   ( beta: - 9.187, ETRmPot: - 426.446 ) ";""
"2014-04-15";"17:56:04";"REG2";"";"#1: alpha: 0.200, ETRm: 100.000, Ek: 500.000 ";""
"2014-04-15";"17:56:09";"FO";"68";"226";"255";"0";"0.114";"0.0"
"2014-04-15";"17:56:17";"F";"69";"184";"199";"105";"0.075";"3.3"
"2014-04-15";"17:56:28";"F";"70";"168";"186";"162";"0.097";"6.6"
"2014-04-15";"17:56:38";"F";"71";"148";"158";"242";"0.063";"6.4"
"2014-04-15";"17:56:48";"F";"72";"130";"134";"346";"0.030";"4.4"
"2014-04-15";"17:56:58";"F";"73";"122";"125";"484";"0.024";"4.9"
"2014-04-15";"17:57:08";"F";"74";"109";"108";"632";"-";"-"
"2014-04-15";"17:57:19";"F";"75";"97";"98";"980";"0.010";"4.1"
"2014-04-15";"17:57:29";"F";"76";"92";"91";"1351";"-";"-"
"2014-04-15";"17:57:30";"SLCE";"";"Light Curve end ";""
"2014-04-15";"17:57:57";"SLCS";"";"Light Curve start ";""
"2014-04-15";"17:57:57";"REG1";"";"#1: alpha: - , ETRm: - , Ek: -   ( beta: - 0.001, ETRmPot: 11.219 ) ";""
"2014-04-15";"17:57:57";"REG2";"";"#1: alpha: 0.078, ETRm: 11.479, Ek: 147.273 ";""
"2014-04-15";"17:58:01";"FO";"77";"373";"510";"0";"0.269";"0.0"
"2014-04-15";"17:58:11";"F";"78";"349";"420";"105";"0.169";"7.5"
"2014-04-15";"17:58:20";"F";"79";"286";"333";"162";"0.141";"9.6"
"2014-04-15";"17:58:31";"F";"80";"234";"258";"242";"0.093";"9.5"
"2014-04-15";"17:58:41";"F";"81";"199";"214";"346";"0.070";"10.2"
"2014-04-15";"17:58:52";"F";"82";"178";"187";"484";"0.048";"9.8"
"2014-04-15";"17:59:02";"F";"83";"163";"173";"632";"0.058";"15.4"
"2014-04-15";"17:59:11";"F";"84";"151";"155";"980";"0.026";"10.7"
"2014-04-15";"17:59:22";"F";"85";"146";"145";"1351";"-";"-"
"2014-04-15";"17:59:23";"SLCE";"";"Light Curve end ";""
"2014-04-15";"17:59:53";"SLCS";"";"Light Curve start ";""
"2014-04-15";"17:59:53";"REG1";"";"#1: alpha: 0.114, ETRm: 11.056, Ek: 97.042   ( beta: 0.007, ETRmPot: 14.025 ) ";""
"2014-04-15";"17:59:53";"REG2";"";"#1: alpha: 0.098, ETRm: 9.784, Ek: 99.985 ";""
"2014-04-15";"17:59:57";"FO";"86";"476";"663";"0";"0.282";"0.0"
"2014-04-15";"18:00:07";"F";"87";"422";"508";"105";"0.169";"7.5"
"2014-04-15";"18:00:17";"F";"88";"356";"409";"162";"0.130";"8.8"
"2014-04-15";"18:00:28";"F";"89";"301";"336";"242";"0.104";"10.6"
"2014-04-15";"18:00:38";"F";"90";"266";"292";"346";"0.089";"12.9"
"2014-04-15";"18:00:47";"F";"91";"230";"244";"484";"0.057";"11.6"
"2014-04-15";"18:00:58";"F";"92";"209";"216";"632";"0.032";"8.5"
"2014-04-15";"18:01:08";"F";"93";"198";"201";"980";"0.015";"6.2"
"2014-04-15";"18:01:19";"F";"94";"184";"187";"1351";"0.016";"9.1"
"2014-04-15";"18:01:19";"SLCE";"";"Light Curve end ";""
"2014-04-15";"18:01:43";"SLCS";"";"Light Curve start ";""
"2014-04-15";"18:01:43";"REG1";"";"#1: alpha: - , ETRm: - , Ek: -   ( beta: 0.000, ETRmPot: 13.752 ) ";""
"2014-04-15";"18:01:43";"REG2";"";"#1: alpha: 0.087, ETRm: 13.708, Ek: 158.028 ";""
"2014-04-15";"18:01:47";"FO";"95";"301";"413";"0";"0.271";"0.0"
"2014-04-15";"18:01:56";"F";"96";"311";"382";"105";"0.186";"8.2"
"2014-04-15";"18:02:07";"F";"97";"290";"341";"162";"0.150";"10.2"
"2014-04-15";"18:02:16";"F";"98";"259";"296";"242";"0.125";"12.7"
"2014-04-15";"18:02:27";"F";"99";"232";"256";"346";"0.094";"13.7"
"2014-04-15";"18:02:37";"F";"100";"214";"228";"484";"0.061";"12.4"
"2014-04-15";"18:02:46";"F";"101";"191";"201";"632";"0.050";"13.3"
"2014-04-15";"18:02:57";"F";"102";"179";"186";"980";"0.038";"15.6"
"2014-04-15";"18:03:07";"F";"103";"173";"177";"1351";"0.023";"13.1"
"2014-04-15";"18:03:09";"SLCE";"";"Light Curve end ";""
"2014-04-15";"18:03:44";"SLCS";"";"Light Curve start ";""
"2014-04-15";"18:03:44";"REG1";"";"#1: alpha: 0.074, ETRm: 13.983, Ek: 188.366   ( beta: 0.059, ETRmPot: 48.192 ) ";""
"2014-04-15";"18:03:44";"REG2";"";"#1: alpha: 0.092, ETRm: 11.622, Ek: 126.474 ";""
"2014-04-15";"18:03:48";"FO";"104";"324";"429";"0";"0.245";"0.0"
"2014-04-15";"18:03:57";"F";"105";"337";"419";"105";"0.196";"8.6"
"2014-04-15";"18:04:08";"F";"106";"312";"362";"162";"0.138";"9.4"
"2014-04-15";"18:04:18";"F";"107";"288";"320";"242";"0.100";"10.2"
"2014-04-15";"18:04:29";"F";"108";"252";"274";"346";"0.080";"11.6"
"2014-04-15";"18:04:38";"F";"109";"230";"249";"484";"0.076";"15.4"
"2014-04-15";"18:04:48";"F";"110";"216";"225";"632";"0.040";"10.6"
"2014-04-15";"18:04:59";"F";"111";"200";"208";"980";"0.038";"15.6"
"2014-04-15";"18:05:08";"F";"112";"191";"193";"1351";"0.010";"5.7"
"2014-04-15";"18:05:10";"SLCE";"";"Light Curve end ";""
"2014-04-15";"18:05:38";"SLCS";"";"Light Curve start ";""
"2014-04-15";"18:05:38";"REG1";"";"#1: alpha: 0.086, ETRm: 11.486, Ek: 133.456   ( beta: 0.029, ETRmPot: 24.346 ) ";""
"2014-04-15";"18:05:38";"REG2";"";"#1: alpha: 0.089, ETRm: 9.321, Ek: 104.604 ";""
"2014-04-15";"18:05:42";"FO";"113";"388";"499";"0";"0.222";"0.0"
"2014-04-15";"18:05:52";"F";"114";"348";"412";"105";"0.155";"6.8"
"2014-04-15";"18:06:02";"F";"115";"312";"357";"162";"0.126";"8.6"
"2014-04-15";"18:06:12";"F";"116";"268";"297";"242";"0.098";"10.0"
"2014-04-15";"18:06:22";"F";"117";"237";"256";"346";"0.074";"10.8"
"2014-04-15";"18:06:33";"F";"118";"211";"226";"484";"0.066";"13.4"
"2014-04-15";"18:06:42";"F";"119";"196";"204";"632";"0.039";"10.4"
"2014-04-15";"18:06:53";"F";"120";"184";"186";"980";"0.011";"4.5"
"2014-04-15";"18:07:03";"F";"121";"171";"173";"1351";"0.012";"6.8"
"2014-04-15";"18:07:05";"SLCE";"";"Light Curve end ";""
"2014-04-15";"18:07:26";"SLCS";"";"Light Curve start ";""
"2014-04-15";"18:07:26";"REG1";"";"#1: alpha: - , ETRm: - , Ek: -   ( beta: - 4.665, ETRmPot: - 375.844 ) ";""
"2014-04-15";"18:07:26";"REG2";"";"#1: alpha: 0.200, ETRm: 100.000, Ek: 500.000 ";""
"2014-04-15";"18:07:30";"FO";"122";"269";"308";"0";"0.127";"0.0"
"2014-04-15";"18:07:40";"F";"123";"232";"261";"105";"0.111";"4.9"
"2014-04-15";"18:07:51";"F";"124";"205";"226";"162";"0.093";"6.3"
"2014-04-15";"18:08:00";"F";"125";"180";"195";"242";"0.077";"7.8"
"2014-04-15";"18:08:11";"F";"126";"156";"168";"346";"0.071";"10.3"
"2014-04-15";"18:08:21";"F";"127";"140";"145";"484";"0.034";"6.9"
"2014-04-15";"18:08:30";"F";"128";"126";"128";"632";"0.016";"4.2"
"2014-04-15";"18:08:41";"F";"129";"115";"114";"980";"-";"-"
"2014-04-15";"18:08:51";"F";"130";"107";"108";"1351";"0.009";"5.1"
"2014-04-15";"18:08:53";"SLCE";"";"Light Curve end ";""
"2014-04-15";"18:09:36";"SLCS";"";"Light Curve start ";""
"2014-04-15";"18:09:36";"REG1";"";"#1: alpha: 0.057, ETRm: 4.638, Ek: 80.668   ( beta: 1.328, ETRmPot: 297.485 ) ";""
"2014-04-15";"18:09:36";"REG2";"";"#1: alpha: 0.079, ETRm: 3.119, Ek: 39.322 ";""
"2014-04-15";"18:09:40";"FO";"131";"310";"337";"0";"0.080";"0.0"
"2014-04-15";"18:09:50";"F";"132";"275";"295";"105";"0.068";"3.0"
"2014-04-15";"18:10:00";"F";"133";"247";"263";"162";"0.061";"4.2"
"2014-04-15";"18:10:11";"F";"134";"229";"243";"242";"0.058";"5.9"
"2014-04-15";"18:10:21";"F";"135";"215";"220";"346";"0.023";"3.3"
"2014-04-15";"18:10:31";"F";"136";"200";"204";"484";"0.020";"4.1"
"2014-04-15";"18:10:41";"F";"137";"187";"188";"632";"0.005";"1.3"
"2014-04-15";"18:10:51";"F";"138";"184";"184";"980";"0.000";"0.0"
"2014-04-15";"18:11:02";"F";"139";"178";"176";"1351";"-";"-"
"2014-04-15";"18:11:02";"SLCE";"";"Light Curve end ";""
"2014-04-15";"18:11:26";"SLCS";"";"Light Curve start ";""
"2014-04-15";"18:11:26";"REG1";"";"#1: alpha: 0.081, ETRm: 9.158, Ek: 112.634   ( beta: 1.663, ETRmPot: 521.415 ) ";""
"2014-04-15";"18:11:26";"REG2";"";"#1: alpha: 0.260, ETRm: 6.238, Ek: 23.964 ";""
"2014-04-15";"18:11:30";"FO";"140";"437";"579";"0";"0.245";"0.0"
"2014-04-15";"18:11:39";"F";"141";"383";"447";"105";"0.143";"6.3"
"2014-04-15";"18:11:50";"F";"142";"356";"401";"162";"0.112";"7.6"
"2014-04-15";"18:11:59";"F";"143";"291";"321";"242";"0.093";"9.5"
"2014-04-15";"18:12:10";"F";"144";"261";"274";"346";"0.047";"6.8"
"2014-04-15";"18:12:20";"F";"145";"231";"242";"484";"0.045";"9.1"
"2014-04-15";"18:12:30";"F";"146";"212";"219";"632";"0.032";"8.5"
"2014-04-15";"18:12:40";"F";"147";"194";"195";"980";"0.005";"2.1"
"2014-04-15";"18:12:50";"F";"148";"186";"186";"1351";"0.000";"0.0"
"2014-04-15";"18:12:52";"SLCE";"";"Light Curve end ";""
"2014-04-15";"18:13:09";"SLCS";"";"Light Curve start ";""
"2014-04-15";"18:13:09";"REG1";"";"#1: alpha: 0.090, ETRm: 11.762, Ek: 130.595   ( beta: 2.472, ETRmPot: 893.536 ) ";""
"2014-04-15";"18:13:09";"REG2";"";"#1: alpha: 0.118, ETRm: 8.394, Ek: 71.260 ";""
"2014-04-15";"18:13:13";"FO";"149";"333";"433";"0";"0.231";"0.0"
"2014-04-15";"18:13:24";"F";"150";"313";"374";"105";"0.163";"7.2"
"2014-04-15";"18:13:34";"F";"151";"285";"328";"162";"0.131";"8.9"
"2014-04-15";"18:13:45";"F";"152";"252";"282";"242";"0.106";"10.8"
"2014-04-15";"18:13:54";"F";"153";"224";"240";"346";"0.067";"9.7"
"2014-04-15";"18:14:04";"F";"154";"209";"222";"484";"0.059";"12.0"
"2014-04-15";"18:14:15";"F";"155";"196";"206";"632";"0.049";"13.0"
"2014-04-15";"18:14:24";"F";"156";"182";"184";"980";"0.011";"4.5"
"2014-04-15";"18:14:34";"F";"157";"177";"177";"1351";"0.000";"0.0"
"2014-04-15";"18:14:36";"SLCE";"";"Light Curve end ";""
"2014-04-15";"18:15:15";"SLCS";"";"Light Curve start ";""
"2014-04-15";"18:15:15";"REG1";"";"#1: alpha: 0.060, ETRm: 10.629, Ek: 176.273   ( beta: 0.561, ETRmPot: 283.224 ) ";""
"2014-04-15";"18:15:15";"REG2";"";"#1: alpha: 0.067, ETRm: 9.364, Ek: 138.799 ";""
"2014-04-15";"18:15:20";"FO";"158";"311";"393";"0";"0.209";"0.0"
"2014-04-15";"18:15:29";"F";"159";"315";"367";"105";"0.142";"6.3"
"2014-04-15";"18:15:39";"F";"160";"302";"341";"162";"0.114";"7.8"
"2014-04-15";"18:15:49";"F";"161";"264";"288";"242";"0.083";"8.4"
"2014-04-15";"18:16:00";"F";"162";"246";"260";"346";"0.054";"7.8"
"2014-04-15";"18:16:09";"F";"163";"237";"248";"484";"0.044";"8.9"
"2014-04-15";"18:16:20";"F";"164";"221";"234";"632";"0.056";"14.9"
"2014-04-15";"18:16:30";"F";"165";"217";"220";"980";"0.014";"5.8"
"2014-04-15";"18:16:39";"F";"166";"213";"211";"1351";"-";"-"
"2014-04-15";"18:16:41";"SLCE";"";"Light Curve end ";""
"2014-04-15";"18:16:57";"SLCS";"";"Light Curve start ";""
"2014-04-15";"18:16:57";"REG1";"";"#1: alpha: 0.062, ETRm: 9.274, Ek: 149.226   ( beta: 0.407, ETRmPot: 177.670 ) ";""
"2014-04-15";"18:16:57";"REG2";"";"#1: alpha: 0.067, ETRm: 7.238, Ek: 107.359 ";""
"2014-04-15";"18:17:01";"FO";"167";"379";"460";"0";"0.176";"0.0"
"2014-04-15";"18:17:11";"F";"168";"361";"408";"105";"0.115";"5.1"
"2014-04-15";"18:17:22";"F";"169";"340";"377";"162";"0.098";"6.7"
"2014-04-15";"18:17:31";"F";"170";"322";"349";"242";"0.077";"7.8"
"2014-04-15";"18:17:41";"F";"171";"303";"323";"346";"0.062";"9.0"
"2014-04-15";"18:17:52";"F";"172";"288";"302";"484";"0.046";"9.4"
"2014-04-15";"18:18:01";"F";"173";"283";"294";"632";"0.037";"9.8"
"2014-04-15";"18:18:12";"F";"174";"267";"269";"980";"0.007";"2.9"
"2014-04-15";"18:18:22";"F";"175";"251";"253";"1351";"0.008";"4.5"
"2014-04-15";"18:18:24";"SLCE";"";"Light Curve end ";""
"2014-04-15";"18:18:55";"SLCS";"";"Light Curve start ";""
"2014-04-15";"18:18:55";"REG1";"";"#1: alpha: 0.061, ETRm: 7.111, Ek: 117.160   ( beta: 0.921, ETRmPot: 303.057 ) ";""
"2014-04-15";"18:18:55";"REG2";"";"#1: alpha: 0.062, ETRm: 5.098, Ek: 81.864 ";""
"2014-04-15";"18:18:59";"FO";"176";"326";"372";"0";"0.124";"0.0"
"2014-04-15";"18:19:10";"F";"177";"318";"349";"105";"0.089";"3.9"
"2014-04-15";"18:19:20";"F";"178";"292";"317";"162";"0.079";"5.4"
"2014-04-15";"18:19:29";"F";"179";"271";"293";"242";"0.075";"7.6"
"2014-04-15";"18:19:40";"F";"180";"258";"271";"346";"0.048";"7.0"
"2014-04-15";"18:19:50";"F";"181";"242";"250";"484";"0.032";"6.5"
"2014-04-15";"18:19:59";"F";"182";"234";"240";"632";"0.025";"6.6"
"2014-04-15";"18:20:10";"F";"183";"220";"220";"980";"0.000";"0.0"
"2014-04-15";"18:20:20";"F";"184";"202";"203";"1351";"0.005";"2.8"
"2014-04-15";"18:20:22";"SLCE";"";"Light Curve end ";""
"2014-04-15";"18:20:39";"SLCS";"";"Light Curve start ";""
"2014-04-15";"18:20:39";"REG1";"";"#1: alpha: 0.022, ETRm: 4.821, Ek: 218.710   ( beta: 0.226, ETRmPot: 140.933 ) ";""
"2014-04-15";"18:20:39";"REG2";"";"#1: alpha: 0.024, ETRm: 4.033, Ek: 166.334 ";""
"2014-04-15";"18:20:43";"FO";"185";"221";"239";"0";"0.075";"0.0"
"2014-04-15";"18:20:54";"F";"186";"208";"221";"105";"0.059";"2.6"
"2014-04-15";"18:21:03";"F";"187";"201";"210";"162";"0.043";"2.9"
"2014-04-15";"18:21:14";"F";"188";"187";"193";"242";"0.031";"3.2"
"2014-04-15";"18:21:24";"F";"189";"179";"185";"346";"0.032";"4.7"
"2014-04-15";"18:21:34";"F";"190";"169";"170";"484";"0.006";"1.2"
"2014-04-15";"18:21:44";"F";"191";"157";"161";"632";"0.025";"6.6"
"2014-04-15";"18:21:54";"F";"192";"152";"155";"980";"0.019";"7.8"
"2014-04-15";"18:22:05";"F";"193";"147";"147";"1351";"0.000";"0.0"
"2014-04-15";"18:22:06";"SLCE";"";"Light Curve end ";""
"2014-04-15";"18:22:21";"SLCS";"";"Light Curve start ";""
"2014-04-15";"18:22:21";"REG1";"";"#1: Error: First 3 ETR-Values are not increasing ";""
"2014-04-15";"18:22:21";"REG2";"";"#1: Error: First 3 ETR-Values are not increasing ";""
"2014-04-15";"18:22:26";"FO";"194";"136";"143";"0";"0.049";"0.0"
"2014-04-15";"18:22:35";"F";"195";"131";"135";"105";"0.030";"1.3"
"2014-04-15";"18:22:45";"F";"196";"120";"122";"162";"0.016";"1.1"
"2014-04-15";"18:22:55";"F";"197";"110";"110";"242";"0.000";"0.0"
"2014-04-15";"18:23:05";"F";"198";"103";"103";"346";"0.000";"0.0"
"2014-04-15";"18:23:15";"F";"199";"96";"95";"484";"-";"-"
"2014-04-15";"18:23:26";"F";"200";"90";"91";"632";"0.011";"2.9"
"2014-04-15";"18:23:36";"F";"201";"88";"89";"980";"0.011";"4.5"
"2014-04-15";"18:23:45";"F";"202";"81";"81";"1351";"0.000";"0.0"
"2014-04-15";"18:23:47";"SLCE";"";"Light Curve end ";""
"2014-04-15";"18:24:21";"SLCS";"";"Light Curve start ";""
"2014-04-15";"18:24:21";"REG1";"";"#1: alpha: 0.095, ETRm: 7.075, Ek: 74.731   ( beta: 0.005, ETRmPot: 8.671 ) ";""
"2014-04-15";"18:24:21";"REG2";"";"#1: alpha: 0.175, ETRm: 6.028, Ek: 34.428 ";""
"2014-04-15";"18:24:26";"FO";"203";"381";"477";"0";"0.201";"0.0"
"2014-04-15";"18:24:35";"F";"204";"347";"401";"105";"0.135";"6.0"
"2014-04-15";"18:24:45";"F";"205";"286";"314";"162";"0.089";"6.1"
"2014-04-15";"18:24:55";"F";"206";"240";"255";"242";"0.059";"6.0"
"2014-04-15";"18:25:05";"F";"207";"204";"217";"346";"0.060";"8.7"
"2014-04-15";"18:25:15";"F";"208";"177";"185";"484";"0.043";"8.7"
"2014-04-15";"18:25:26";"F";"209";"160";"163";"632";"0.018";"4.8"
"2014-04-15";"18:25:36";"F";"210";"151";"151";"980";"0.000";"0.0"
"2014-04-15";"18:25:45";"F";"211";"142";"144";"1351";"0.014";"7.9"
"2014-04-15";"18:25:47";"SLCE";"";"Light Curve end ";""
"2014-04-15";"18:26:09";"SLCS";"";"Light Curve start ";""
"2014-04-15";"18:26:09";"REG1";"";"#1: alpha: 0.108, ETRm: 9.115, Ek: 84.293   ( beta: 0.006, ETRmPot: 11.186 ) ";""
"2014-04-15";"18:26:09";"REG2";"";"#1: alpha: 0.098, ETRm: 7.999, Ek: 81.446 ";""
"2014-04-15";"18:26:13";"FO";"212";"352";"475";"0";"0.259";"0.0"
"2014-04-15";"18:26:24";"F";"213";"328";"383";"105";"0.144";"6.4"
"2014-04-15";"18:26:33";"F";"214";"295";"339";"162";"0.130";"8.8"
"2014-04-15";"18:26:43";"F";"215";"257";"278";"242";"0.076";"7.7"
"2014-04-15";"18:26:54";"F";"216";"218";"236";"346";"0.076";"11.0"
"2014-04-15";"18:27:03";"F";"217";"192";"201";"484";"0.045";"9.1"
"2014-04-15";"18:27:14";"F";"218";"177";"182";"632";"0.027";"7.2"
"2014-04-15";"18:27:24";"F";"219";"163";"165";"980";"0.012";"4.9"
"2014-04-15";"18:27:34";"F";"220";"154";"156";"1351";"0.013";"7.4"
"2014-04-15";"18:27:36";"SLCE";"";"Light Curve end ";""
"2014-04-15";"18:28:28";"SLCS";"";"Light Curve start ";""
"2014-04-15";"18:28:28";"REG1";"";"#1: alpha: 0.075, ETRm: 8.130, Ek: 108.791   ( beta: 0.913, ETRmPot: 281.122 ) ";""
"2014-04-15";"18:28:28";"REG2";"";"#1: alpha: 0.159, ETRm: 5.666, Ek: 35.668 ";""
"2014-04-15";"18:28:33";"FO";"221";"400";"493";"0";"0.189";"0.0"
"2014-04-15";"18:28:43";"F";"222";"378";"433";"105";"0.127";"5.6"
"2014-04-15";"18:28:52";"F";"223";"336";"371";"162";"0.094";"6.4"
"2014-04-15";"18:29:03";"F";"224";"290";"313";"242";"0.073";"7.4"
"2014-04-15";"18:29:13";"F";"225";"254";"272";"346";"0.066";"9.6"
"2014-04-15";"18:29:23";"F";"226";"222";"229";"484";"0.031";"6.3"
"2014-04-15";"18:29:33";"F";"227";"198";"203";"632";"0.025";"6.6"
"2014-04-15";"18:29:43";"F";"228";"183";"183";"980";"0.000";"0.0"
"2014-04-15";"18:29:54";"F";"229";"170";"171";"1351";"0.006";"3.4"
"2014-04-15";"18:29:55";"SLCE";"";"Light Curve end ";""
"2014-04-15";"18:30:14";"SLCS";"";"Light Curve start ";""
"2014-04-15";"18:30:14";"REG1";"";"#1: alpha: 0.064, ETRm: 9.708, Ek: 150.643   ( beta: 0.895, ETRmPot: 379.471 ) ";""
"2014-04-15";"18:30:14";"REG2";"";"#1: alpha: 0.068, ETRm: 8.326, Ek: 122.304 ";""
"2014-04-15";"18:30:18";"FO";"230";"428";"523";"0";"0.182";"0.0"
"2014-04-15";"18:30:28";"F";"231";"406";"470";"105";"0.136";"6.0"
"2014-04-15";"18:30:37";"F";"232";"371";"415";"162";"0.106";"7.2"
"2014-04-15";"18:30:48";"F";"233";"330";"354";"242";"0.068";"6.9"
"2014-04-15";"18:30:58";"F";"234";"289";"311";"346";"0.071";"10.3"
"2014-04-15";"18:31:08";"F";"235";"258";"268";"484";"0.037";"7.5"
"2014-04-15";"18:31:19";"F";"236";"238";"250";"632";"0.048";"12.7"
"2014-04-15";"18:31:28";"F";"237";"225";"227";"980";"0.009";"3.7"
"2014-04-15";"18:31:39";"F";"238";"212";"211";"1351";"-";"-"
"2014-04-15";"18:31:40";"SLCE";"";"Light Curve end ";""
"2014-04-15";"18:32:29";"SLCS";"";"Light Curve start ";""
"2014-04-15";"18:32:29";"REG1";"";"#1: alpha: 0.076, ETRm: 8.099, Ek: 106.754   ( beta: 0.007, ETRmPot: 11.064 ) ";""
"2014-04-15";"18:32:29";"REG2";"";"#1: alpha: 0.067, ETRm: 7.049, Ek: 105.154 ";""
"2014-04-15";"18:32:33";"FO";"239";"348";"420";"0";"0.171";"0.0"
"2014-04-15";"18:32:42";"F";"240";"320";"363";"105";"0.118";"5.2"
"2014-04-15";"18:32:53";"F";"241";"283";"313";"162";"0.096";"6.5"
"2014-04-15";"18:33:03";"F";"242";"242";"260";"242";"0.069";"7.0"
"2014-04-15";"18:33:14";"F";"243";"212";"226";"346";"0.062";"9.0"
"2014-04-15";"18:33:23";"F";"244";"191";"201";"484";"0.050";"10.2"
"2014-04-15";"18:33:33";"F";"245";"171";"175";"632";"0.023";"6.1"
"2014-04-15";"18:33:44";"F";"246";"161";"162";"980";"0.006";"2.5"
"2014-04-15";"18:33:54";"F";"247";"148";"150";"1351";"0.013";"7.4"
"2014-04-15";"18:33:56";"SLCE";"";"Light Curve end ";""
"2014-04-15";"18:34:13";"SLCS";"";"Light Curve start ";""
"2014-04-15";"18:34:15";"SLCE";"";"Light Curve end ";""
"2014-04-15";"18:34:21";"SLCS";"";"Light Curve start ";""
"2014-04-15";"18:34:21";"REG1";"";"#1: alpha: 0.029, ETRm: 5.963, Ek: 204.796   ( beta: 0.177, ETRmPot: 106.731 ) ";""
"2014-04-15";"18:34:21";"REG2";"";"#1: alpha: 0.058, ETRm: 4.752, Ek: 82.485 ";""
"2014-04-15";"18:34:25";"FO";"248";"226";"253";"0";"0.107";"0.0"
"2014-04-15";"18:34:35";"F";"249";"202";"221";"105";"0.086";"3.8"
"2014-04-15";"18:34:45";"F";"250";"181";"196";"162";"0.077";"5.2"
"2014-04-15";"18:34:55";"F";"251";"165";"173";"242";"0.046";"4.7"
"2014-04-15";"18:35:06";"F";"252";"147";"151";"346";"0.026";"3.8"
"2014-04-15";"18:35:16";"F";"253";"130";"133";"484";"0.023";"4.7"
"2014-04-15";"18:35:25";"F";"254";"120";"122";"632";"0.016";"4.2"
"2014-04-15";"18:35:36";"F";"255";"112";"115";"980";"0.026";"10.7"
"2014-04-15";"18:35:46";"F";"256";"111";"111";"1351";"0.000";"0.0"
"2014-04-15";"18:35:48";"SLCE";"";"Light Curve end ";""
"2014-04-15";"18:36:02";"SLCS";"";"Light Curve start ";""
"2014-04-15";"18:36:02";"REG1";"";"#1: Error: First 3 ETR-Values are not increasing ";""
"2014-04-15";"18:36:02";"REG2";"";"#1: Error: First 3 ETR-Values are not increasing ";""
"2014-04-15";"18:36:06";"FO";"257";"308";"335";"0";"0.081";"0.0"
"2014-04-15";"18:36:16";"F";"258";"288";"303";"105";"0.050";"2.2"
"2014-04-15";"18:36:27";"F";"259";"269";"278";"162";"0.032";"2.2"
"2014-04-15";"18:36:36";"F";"260";"250";"258";"242";"0.031";"3.2"
"2014-04-15";"18:36:46";"F";"261";"234";"238";"346";"0.017";"2.5"
"2014-04-15";"18:36:57";"F";"262";"214";"215";"484";"0.005";"1.0"
"2014-04-15";"18:37:07";"F";"263";"199";"200";"632";"0.005";"1.3"
"2014-04-15";"18:37:17";"F";"264";"188";"186";"980";"-";"-"
"2014-04-15";"18:37:27";"F";"265";"174";"175";"1351";"0.006";"3.4"
"2014-04-15";"18:37:29";"SLCE";"";"Light Curve end ";""
