"2013-03-07";"12:13:49";"WinControl (rev 714) report file"
"Date";"Time";"Type";"No.";"1:F";"1:Fm'";"1:PAR";"1:Y (II)";"1:ETR"
"";"";"D";"";"Device Nr: #1, Diving-PAM ";""
"2012-12-12";"14:43:19";"SCHS";"";"Chart Start ";""
"2012-12-12";"14:43:20";"F";"2377";"409";"515";"215";"0.206";"18.6"
"2012-12-12";"14:43:30";"F";"2378";"418";"498";"294";"0.161";"19.9"
"2012-12-12";"14:43:40";"F";"2379";"428";"481";"432";"0.110";"20.0"
"2012-12-12";"14:43:50";"F";"2380";"422";"460";"583";"0.083";"20.3"
"2013-03-01";"11:33:07";"C";"";"MI=5;SI=8;SW=0.6;AI=3;AW=0:05;AF=1.00;G=7;D=1;EF=0.84;FO=26;CW=30:00;CI=2;LW=0:10;LI=1;ID=0:05;IW=0:10;DO0.0;DG1.00;LO=0;LG=0.80 ";""
"2013-03-01";"11:33:07";"SLCS";"";"Light Curve start ";""
"2013-03-01";"11:33:07";"REG1";"";"#1: alpha: 0.364, ETRm: 10.326, Ek: 28.354   ( beta: 0.002, ETRmPot: 10.650 ) ";""
"2013-03-01";"11:33:07";"REG2";"";"#1: alpha: 0.289, ETRm: 10.036, Ek: 34.783 ";""
"2013-03-01";"11:33:08";"FO";"2382";"131";"593";"0";"0.779";"0.0"
"2013-03-01";"11:33:16";"F";"2383";"179";"590";"16";"0.697";"4.7"
"2013-03-01";"11:33:26";"F";"2384";"327";"575";"46";"0.431";"8.3"
"2013-03-01";"11:33:36";"F";"2385";"422";"562";"93";"0.249";"9.7"
"2013-03-01";"11:33:46";"F";"2386";"455";"548";"144";"0.170";"10.3"
"2013-03-01";"11:33:56";"F";"2387";"467";"528";"211";"0.116";"10.3"
"2013-03-01";"11:34:06";"F";"2388";"462";"505";"295";"0.085";"10.5"
"2013-03-01";"11:34:16";"F";"2389";"453";"480";"434";"0.056";"10.2"
"2013-03-01";"11:34:25";"F";"2390";"434";"451";"583";"0.038";"9.3"
"2013-03-01";"11:34:25";"SLCE";"";"Light Curve end ";""
"2013-03-01";"11:34:49";"SLCS";"";"Light Curve start ";""
"2013-03-01";"11:34:49";"REG1";"";"#1: alpha: 0.416, ETRm: 9.065, Ek: 21.782   ( beta: 0.000, ETRmPot: 9.083 ) ";""
"2013-03-01";"11:34:49";"REG2";"";"#1: alpha: 0.307, ETRm: 9.019, Ek: 29.345 ";""
"2013-03-01";"11:34:50";"FO";"2391";"149";"487";"0";"0.694";"0.0"
"2013-03-01";"11:34:59";"F";"2392";"166";"479";"16";"0.653";"4.4"
"2013-03-01";"11:35:09";"F";"2393";"258";"457";"46";"0.435";"8.4"
"2013-03-01";"11:35:19";"F";"2394";"336";"437";"93";"0.231";"9.0"
"2013-03-01";"11:35:28";"F";"2395";"352";"414";"144";"0.150";"9.1"
"2013-03-01";"11:35:38";"F";"2396";"355";"396";"211";"0.104";"9.2"
"2013-03-01";"11:35:48";"F";"2397";"350";"377";"295";"0.072";"8.9"
"2013-03-01";"11:35:58";"F";"2398";"346";"362";"434";"0.044";"8.0"
"2013-03-01";"11:36:08";"F";"2399";"337";"351";"583";"0.040";"9.8"
"2013-03-01";"11:36:08";"SLCE";"";"Light Curve end ";""
"2013-03-01";"11:40:54";"SLCS";"";"Light Curve start ";""
"2013-03-01";"11:40:54";"REG1";"";"#1: alpha: 0.363, ETRm: 12.540, Ek: 34.570   ( beta: 0.004, ETRmPot: 13.362 ) ";""
"2013-03-01";"11:40:54";"REG2";"";"#1: alpha: 0.290, ETRm: 12.004, Ek: 41.358 ";""
"2013-03-01";"11:40:55";"FO";"2400";"170";"526";"0";"0.677";"0.0"
"2013-03-01";"11:41:05";"F";"2401";"179";"512";"16";"0.650";"4.4"
"2013-03-01";"11:41:15";"F";"2402";"249";"494";"46";"0.496";"9.6"
"2013-03-01";"11:41:25";"F";"2403";"328";"474";"93";"0.308";"12.0"
"2013-03-01";"11:41:35";"F";"2404";"363";"457";"144";"0.206";"12.5"
"2013-03-01";"11:41:45";"F";"2405";"379";"439";"211";"0.137";"12.1"
"2013-03-01";"11:41:55";"F";"2406";"377";"419";"295";"0.100";"12.4"
"2013-03-01";"11:42:04";"F";"2407";"373";"399";"434";"0.065";"11.8"
"2013-03-01";"11:42:14";"F";"2408";"364";"381";"583";"0.045";"11.0"
"2013-03-01";"11:42:14";"SLCE";"";"Light Curve end ";""
"2013-03-01";"11:43:35";"SLCS";"";"Light Curve start ";""
"2013-03-01";"11:43:35";"REG1";"";"#1: alpha: - , ETRm: - , Ek: -   ( beta: - 0.002, ETRmPot: 13.822 ) ";""
"2013-03-01";"11:43:35";"REG2";"";"#1: alpha: 0.238, ETRm: 14.528, Ek: 61.080 ";""
"2013-03-01";"11:43:36";"FO";"2409";"149";"515";"0";"0.711";"0.0"
"2013-03-01";"11:43:45";"F";"2410";"158";"515";"16";"0.693";"4.7"
"2013-03-01";"11:43:55";"F";"2411";"263";"507";"46";"0.481";"9.3"
"2013-03-01";"11:44:05";"F";"2412";"340";"499";"93";"0.319";"12.5"
"2013-03-01";"11:44:14";"F";"2413";"378";"485";"144";"0.221";"13.4"
"2013-03-01";"11:44:24";"F";"2414";"399";"476";"211";"0.162";"14.4"
"2013-03-01";"11:44:34";"F";"2415";"410";"467";"295";"0.122";"15.1"
"2013-03-01";"11:44:44";"F";"2416";"418";"454";"434";"0.079";"14.4"
"2013-03-01";"11:44:54";"F";"2417";"415";"443";"583";"0.063";"15.4"
"2013-03-01";"11:44:54";"SLCE";"";"Light Curve end ";""
"2013-03-01";"11:50:29";"C";"";"MI=5;SI=8;SW=0.6;AI=3;AW=0:05;AF=1.00;G=7;D=1;EF=0.84;FO=219;CW=30:00;CI=2;LW=0:10;LI=1;ID=0:05;IW=0:10;DO0.0;DG1.00;LO=0;LG=0.80 ";""
"2013-03-01";"11:50:29";"SLCS";"";"Light Curve start ";""
"2013-03-01";"11:50:30";"FO";"2419";"0";"0";"0";"-";"-"
"2013-03-01";"11:50:30";"SLCE";"";"Light Curve end ";""
"2013-03-01";"11:51:07";"C";"";"MI=5;SI=8;SW=0.6;AI=3;AW=0:05;AF=1.00;G=7;D=1;EF=0.84;FO=21;CW=30:00;CI=2;LW=0:10;LI=1;ID=0:05;IW=0:10;DO0.0;DG1.00;LO=0;LG=0.80 ";""
"2013-03-01";"11:51:07";"SLCS";"";"Light Curve start ";""
"2013-03-01";"11:51:08";"FO";"2421";"0";"4";"0";"-";"-"
"2013-03-01";"11:51:08";"SLCE";"";"Light Curve end ";""
"2013-03-01";"11:51:53";"C";"";"MI=5;SI=8;SW=0.6;AI=3;AW=0:05;AF=1.00;G=7;D=1;EF=0.84;FO=19;CW=30:00;CI=2;LW=0:10;LI=1;ID=0:05;IW=0:10;DO0.0;DG1.00;LO=0;LG=0.80 ";""
"2013-03-01";"11:51:53";"SLCS";"";"Light Curve start ";""
"2013-03-01";"11:51:53";"REG1";"";"#1: alpha: 0.390, ETRm: 9.259, Ek: 23.760   ( beta: 0.000, ETRmPot: 9.291 ) ";""
"2013-03-01";"11:51:53";"REG2";"";"#1: alpha: 0.294, ETRm: 9.188, Ek: 31.296 ";""
"2013-03-01";"11:51:54";"FO";"2423";"132";"468";"0";"0.718";"0.0"
"2013-03-01";"11:52:04";"F";"2424";"162";"463";"16";"0.650";"4.4"
"2013-03-01";"11:52:14";"F";"2425";"259";"449";"46";"0.423";"8.2"
"2013-03-01";"11:52:23";"F";"2426";"337";"435";"93";"0.225";"8.8"
"2013-03-01";"11:52:33";"F";"2427";"358";"420";"144";"0.148";"9.0"
"2013-03-01";"11:52:43";"F";"2428";"363";"407";"211";"0.108";"9.6"
"2013-03-01";"11:52:53";"F";"2429";"360";"391";"295";"0.079";"9.8"
"2013-03-01";"11:53:03";"F";"2430";"355";"372";"434";"0.046";"8.4"
"2013-03-01";"11:53:13";"F";"2431";"344";"358";"583";"0.039";"9.5"
"2013-03-01";"11:53:13";"SLCE";"";"Light Curve end ";""
"2013-03-01";"11:53:50";"SLCS";"";"Light Curve start ";""
"2013-03-01";"11:53:50";"REG1";"";"#1: alpha: - , ETRm: - , Ek: -   ( beta: - 0.005, ETRmPot: 9.501 ) ";""
"2013-03-01";"11:53:50";"REG2";"";"#1: alpha: 0.242, ETRm: 11.002, Ek: 45.471 ";""
"2013-03-01";"11:53:51";"FO";"2432";"160";"608";"0";"0.737";"0.0"
"2013-03-01";"11:54:00";"F";"2433";"214";"605";"16";"0.646";"4.3"
"2013-03-01";"11:54:10";"F";"2434";"327";"579";"46";"0.435";"8.4"
"2013-03-01";"11:54:20";"F";"2435";"420";"556";"93";"0.245";"9.6"
"2013-03-01";"11:54:29";"F";"2436";"438";"522";"144";"0.161";"9.7"
"2013-03-01";"11:54:39";"F";"2437";"429";"487";"211";"0.119";"10.5"
"2013-03-01";"11:54:49";"F";"2438";"407";"449";"295";"0.094";"11.6"
"2013-03-01";"11:54:59";"F";"2439";"389";"415";"434";"0.063";"11.5"
"2013-03-01";"11:55:09";"F";"2440";"370";"390";"583";"0.051";"12.5"
"2013-03-01";"11:55:09";"SLCE";"";"Light Curve end ";""
"2013-03-01";"11:58:22";"SLCS";"";"Light Curve start ";""
"2013-03-01";"11:58:22";"REG1";"";"#1: Error: Not enough measures for calculating the curve ";""
"2013-03-01";"11:58:22";"REG2";"";"#1: Error: Not enough measures for calculating the curve ";""
"2013-03-01";"11:58:23";"FO";"2441";"117";"405";"0";"0.711";"0.0"
"2013-03-01";"11:58:23";"SLCE";"";"Light Curve end ";""
"2013-03-01";"12:00:03";"C";"";"MI=5;SI=8;SW=0.6;AI=3;AW=0:05;AF=1.00;G=7;D=1;EF=0.84;FO=26;CW=30:00;CI=2;LW=0:10;LI=1;ID=0:05;IW=0:10;DO0.0;DG1.00;LO=0;LG=0.80 ";""
"2013-03-01";"12:00:03";"SLCS";"";"Light Curve start ";""
"2013-03-01";"12:00:03";"REG1";"";"#1: alpha: - , ETRm: - , Ek: -   ( beta: - 0.002, ETRmPot: 4.540 ) ";""
"2013-03-01";"12:00:03";"REG2";"";"#1: alpha: 0.093, ETRm: 5.424, Ek: 58.165 ";""
"2013-03-01";"12:00:04";"FO";"2443";"151";"330";"0";"0.542";"0.0"
"2013-03-01";"12:00:14";"F";"2444";"204";"302";"16";"0.325";"2.2"
"2013-03-01";"12:00:24";"F";"2445";"218";"271";"46";"0.196";"3.8"
"2013-03-01";"12:00:34";"F";"2446";"226";"252";"93";"0.103";"4.0"
"2013-03-01";"12:00:43";"F";"2447";"226";"245";"144";"0.078";"4.7"
"2013-03-01";"12:00:53";"F";"2448";"227";"241";"211";"0.058";"5.1"
"2013-03-01";"12:01:03";"F";"2449";"228";"238";"295";"0.042";"5.2"
"2013-03-01";"12:01:13";"F";"2450";"232";"242";"434";"0.041";"7.5"
"2013-03-01";"12:01:23";"F";"2451";"235";"240";"583";"0.021";"5.1"
"2013-03-01";"12:01:23";"SLCE";"";"Light Curve end ";""
"2013-03-01";"12:03:14";"SLCS";"";"Light Curve start ";""
"2013-03-01";"12:03:14";"REG1";"";"#1: alpha: 0.356, ETRm: 10.904, Ek: 30.592   ( beta: 0.008, ETRmPot: 12.143 ) ";""
"2013-03-01";"12:03:14";"REG2";"";"#1: alpha: 0.309, ETRm: 9.908, Ek: 32.094 ";""
"2013-03-01";"12:03:15";"FO";"2452";"142";"495";"0";"0.713";"0.0"
"2013-03-01";"12:03:24";"F";"2453";"158";"490";"16";"0.678";"4.6"
"2013-03-01";"12:03:34";"F";"2454";"260";"472";"46";"0.449";"8.7"
"2013-03-01";"12:03:44";"F";"2455";"331";"454";"93";"0.271";"10.6"
"2013-03-01";"12:03:53";"F";"2456";"363";"442";"144";"0.179";"10.8"
"2013-03-01";"12:04:03";"F";"2457";"376";"427";"211";"0.119";"10.5"
"2013-03-01";"12:04:13";"F";"2458";"376";"409";"295";"0.081";"10.0"
"2013-03-01";"12:04:23";"F";"2459";"369";"390";"434";"0.054";"9.8"
"2013-03-01";"12:04:33";"F";"2460";"358";"370";"583";"0.032";"7.8"
"2013-03-01";"12:04:33";"SLCE";"";"Light Curve end ";""
"2013-03-01";"12:08:25";"SLCS";"";"Light Curve start ";""
"2013-03-01";"12:08:25";"REG1";"";"#1: alpha: - , ETRm: - , Ek: -   ( beta: - 0.005, ETRmPot: 9.014 ) ";""
"2013-03-01";"12:08:25";"REG2";"";"#1: alpha: 0.138, ETRm: 11.202, Ek: 80.941 ";""
"2013-03-01";"12:08:26";"FO";"2461";"156";"539";"0";"0.711";"0.0"
"2013-03-01";"12:08:35";"F";"2462";"208";"528";"15";"0.606";"3.8"
"2013-03-01";"12:08:45";"F";"2463";"331";"509";"44";"0.350";"6.5"
"2013-03-01";"12:08:55";"F";"2464";"389";"494";"91";"0.213";"8.1"
"2013-03-01";"12:09:05";"F";"2465";"405";"478";"141";"0.153";"9.1"
"2013-03-01";"12:09:15";"F";"2466";"411";"465";"211";"0.116";"10.3"
"2013-03-01";"12:09:25";"F";"2467";"411";"455";"290";"0.097";"11.8"
"2013-03-01";"12:09:34";"F";"2468";"414";"443";"426";"0.065";"11.6"
"2013-03-01";"12:09:44";"F";"2469";"411";"433";"575";"0.051";"12.3"
"2013-03-01";"12:09:44";"SLCE";"";"Light Curve end ";""
"2013-03-01";"12:10:25";"SLCS";"";"Light Curve start ";""
"2013-03-01";"12:10:25";"REG1";"";"#1: alpha: 0.314, ETRm: 12.890, Ek: 41.010   ( beta: 0.000, ETRmPot: 12.971 ) ";""
"2013-03-01";"12:10:25";"REG2";"";"#1: alpha: 0.245, ETRm: 12.705, Ek: 51.944 ";""
"2013-03-01";"12:10:26";"FO";"2470";"133";"520";"0";"0.744";"0.0"
"2013-03-01";"12:10:35";"F";"2471";"163";"515";"15";"0.683";"4.3"
"2013-03-01";"12:10:45";"F";"2472";"256";"495";"44";"0.483";"8.9"
"2013-03-01";"12:10:55";"F";"2473";"338";"472";"91";"0.284";"10.9"
"2013-03-01";"12:11:05";"F";"2474";"357";"444";"141";"0.196";"11.6"
"2013-03-01";"12:11:15";"F";"2475";"359";"422";"211";"0.149";"13.2"
"2013-03-01";"12:11:25";"F";"2476";"351";"396";"290";"0.114";"13.9"
"2013-03-01";"12:11:34";"F";"2477";"345";"372";"426";"0.073";"13.1"
"2013-03-01";"12:11:44";"F";"2478";"334";"352";"575";"0.051";"12.3"
"2013-03-01";"12:11:44";"SLCE";"";"Light Curve end ";""
"2013-03-01";"12:19:07";"C";"";"MI=5;SI=8;SW=0.6;AI=3;AW=0:05;AF=1.00;G=7;D=1;EF=0.84;FO=21;CW=30:00;CI=2;LW=0:10;LI=1;ID=0:05;IW=0:10;DO0.0;DG1.00;LO=0;LG=0.80 ";""
"2013-03-01";"12:19:07";"SLCS";"";"Light Curve start ";""
"2013-03-01";"12:19:07";"REG1";"";"#1: alpha: - , ETRm: - , Ek: -   ( beta: - 0.003, ETRmPot: 10.692 ) ";""
"2013-03-01";"12:19:07";"REG2";"";"#1: alpha: 0.225, ETRm: 11.490, Ek: 50.980 ";""
"2013-03-01";"12:19:08";"FO";"2480";"160";"651";"0";"0.754";"0.0"
"2013-03-01";"12:19:18";"F";"2481";"209";"645";"15";"0.676";"4.3"
"2013-03-01";"12:19:28";"F";"2482";"350";"627";"44";"0.442";"8.2"
"2013-03-01";"12:19:37";"F";"2483";"463";"609";"91";"0.240";"9.2"
"2013-03-01";"12:19:47";"F";"2484";"487";"592";"141";"0.177";"10.5"
"2013-03-01";"12:19:57";"F";"2485";"495";"571";"211";"0.133";"11.8"
"2013-03-01";"12:20:07";"F";"2486";"497";"552";"290";"0.100";"12.2"
"2013-03-01";"12:20:17";"F";"2487";"496";"532";"426";"0.068";"12.2"
"2013-03-01";"12:20:26";"F";"2488";"487";"512";"575";"0.049";"11.8"
"2013-03-01";"12:20:26";"SLCE";"";"Light Curve end ";""
"2013-03-01";"12:21:50";"SLCS";"";"Light Curve start ";""
"2013-03-01";"12:21:50";"REG1";"";"#1: alpha: - , ETRm: - , Ek: -   ( beta: - 0.003, ETRmPot: 6.885 ) ";""
"2013-03-01";"12:21:50";"REG2";"";"#1: alpha: 0.229, ETRm: 7.930, Ek: 34.634 ";""
"2013-03-01";"12:21:51";"FO";"2489";"176";"707";"0";"0.751";"0.0"
"2013-03-01";"12:22:01";"F";"2490";"257";"688";"15";"0.626";"3.9"
"2013-03-01";"12:22:11";"F";"2491";"437";"659";"44";"0.337";"6.2"
"2013-03-01";"12:22:20";"F";"2492";"516";"634";"91";"0.186";"7.1"
"2013-03-01";"12:22:30";"F";"2493";"525";"600";"141";"0.125";"7.4"
"2013-03-01";"12:22:40";"F";"2494";"518";"568";"211";"0.088";"7.8"
"2013-03-01";"12:22:50";"F";"2495";"499";"534";"290";"0.066";"8.0"
"2013-03-01";"12:23:00";"F";"2496";"479";"502";"426";"0.046";"8.2"
"2013-03-01";"12:23:09";"F";"2497";"456";"474";"575";"0.038";"9.2"
"2013-03-01";"12:23:09";"SLCE";"";"Light Curve end ";""
"2013-03-01";"13:14:04";"C";"";"MI=5;SI=8;SW=0.6;AI=3;AW=0:05;AF=1.00;G=7;D=1;EF=0.84;FO=18;CW=30:00;CI=2;LW=0:10;LI=1;ID=0:05;IW=0:10;DO0.0;DG1.00;LO=0;LG=0.80 ";""
"2013-03-01";"13:14:04";"SLCS";"";"Light Curve start ";""
"2013-03-01";"13:14:04";"REG1";"";"#1: alpha: 0.352, ETRm: 7.743, Ek: 22.020   ( beta: 0.007, ETRmPot: 8.515 ) ";""
"2013-03-01";"13:14:04";"REG2";"";"#1: alpha: 0.306, ETRm: 6.897, Ek: 22.524 ";""
"2013-03-01";"13:14:05";"FO";"2499";"139";"388";"0";"0.642";"0.0"
"2013-03-01";"13:14:15";"F";"2500";"144";"379";"15";"0.620";"3.9"
"2013-03-01";"13:14:25";"F";"2501";"219";"361";"41";"0.393";"6.8"
"2013-03-01";"13:14:34";"F";"2502";"268";"339";"86";"0.209";"7.5"
"2013-03-01";"13:14:44";"F";"2503";"276";"318";"134";"0.132";"7.4"
"2013-03-01";"13:14:54";"F";"2504";"272";"297";"199";"0.084";"7.0"
"2013-03-01";"13:15:04";"F";"2505";"263";"281";"272";"0.064";"7.3"
"2013-03-01";"13:15:14";"F";"2506";"254";"266";"397";"0.045";"7.5"
"2013-03-01";"13:15:24";"F";"2507";"243";"248";"537";"0.020";"4.5"
"2013-03-01";"13:15:24";"SLCE";"";"Light Curve end ";""
"2013-03-01";"13:17:20";"SLCS";"";"Light Curve start ";""
"2013-03-01";"13:17:20";"REG1";"";"#1: alpha: - , ETRm: - , Ek: -   ( beta: - 0.001, ETRmPot: 12.743 ) ";""
"2013-03-01";"13:17:20";"REG2";"";"#1: alpha: 0.293, ETRm: 12.894, Ek: 43.990 ";""
"2013-03-01";"13:17:21";"FO";"2508";"128";"469";"0";"0.727";"0.0"
"2013-03-01";"13:17:30";"F";"2509";"147";"472";"15";"0.689";"4.3"
"2013-03-01";"13:17:39";"F";"2510";"204";"449";"41";"0.546";"9.4"
"2013-03-01";"13:17:49";"F";"2511";"264";"402";"86";"0.343";"12.4"
"2013-03-01";"13:17:59";"F";"2512";"267";"343";"134";"0.222";"12.5"
"2013-03-01";"13:18:09";"F";"2513";"247";"295";"199";"0.163";"13.6"
"2013-03-01";"13:18:19";"F";"2514";"225";"253";"272";"0.111";"12.7"
"2013-03-01";"13:18:29";"F";"2515";"208";"223";"397";"0.067";"11.2"
"2013-03-01";"13:18:39";"F";"2516";"189";"202";"537";"0.064";"14.4"
"2013-03-01";"13:18:39";"SLCE";"";"Light Curve end ";""
"2013-03-01";"13:21:20";"SLCS";"";"Light Curve start ";""
"2013-03-01";"13:21:20";"REG1";"";"#1: alpha: - , ETRm: - , Ek: -   ( beta: - 0.003, ETRmPot: 8.883 ) ";""
"2013-03-01";"13:21:20";"REG2";"";"#1: alpha: 0.236, ETRm: 9.863, Ek: 41.721 ";""
"2013-03-01";"13:21:21";"FO";"2517";"157";"577";"0";"0.728";"0.0"
"2013-03-01";"13:21:31";"F";"2518";"190";"571";"15";"0.667";"4.2"
"2013-03-01";"13:21:40";"F";"2519";"318";"548";"41";"0.420";"7.2"
"2013-03-01";"13:21:50";"F";"2520";"405";"530";"86";"0.236";"8.5"
"2013-03-01";"13:22:00";"F";"2521";"427";"509";"134";"0.161";"9.1"
"2013-03-01";"13:22:10";"F";"2522";"430";"484";"199";"0.112";"9.4"
"2013-03-01";"13:22:20";"F";"2523";"420";"463";"272";"0.093";"10.6"
"2013-03-01";"13:22:30";"F";"2524";"410";"438";"397";"0.064";"10.7"
"2013-03-01";"13:22:40";"F";"2525";"396";"415";"537";"0.046";"10.4"
"2013-03-01";"13:22:40";"SLCE";"";"Light Curve end ";""
"2013-03-01";"13:23:52";"SLCS";"";"Light Curve start ";""
"2013-03-01";"13:23:52";"REG1";"";"#1: alpha: - , ETRm: - , Ek: -   ( beta: - 0.004, ETRmPot: 10.561 ) ";""
"2013-03-01";"13:23:52";"REG2";"";"#1: alpha: 0.251, ETRm: 11.862, Ek: 47.308 ";""
"2013-03-01";"13:23:53";"FO";"2526";"138";"602";"0";"0.771";"0.0"
"2013-03-01";"13:24:02";"F";"2527";"179";"598";"15";"0.701";"4.4"
"2013-03-01";"13:24:11";"F";"2528";"301";"590";"41";"0.490";"8.4"
"2013-03-01";"13:24:21";"F";"2529";"413";"572";"86";"0.278";"10.0"
"2013-03-01";"13:24:31";"F";"2530";"445";"552";"134";"0.194";"10.9"
"2013-03-01";"13:24:41";"F";"2531";"450";"524";"199";"0.141";"11.8"
"2013-03-01";"13:24:51";"F";"2532";"444";"498";"272";"0.108";"12.3"
"2013-03-01";"13:25:01";"F";"2533";"434";"467";"397";"0.071";"11.8"
"2013-03-01";"13:25:11";"F";"2534";"416";"442";"537";"0.059";"13.3"
"2013-03-01";"13:25:11";"SLCE";"";"Light Curve end ";""
"2013-03-01";"13:27:09";"SLCS";"";"Light Curve start ";""
"2013-03-01";"13:27:09";"REG1";"";"#1: alpha: - , ETRm: - , Ek: -   ( beta: - 0.004, ETRmPot: 12.032 ) ";""
"2013-03-01";"13:27:09";"REG2";"";"#1: alpha: 0.224, ETRm: 13.263, Ek: 59.262 ";""
"2013-03-01";"13:27:10";"FO";"2535";"130";"519";"0";"0.750";"0.0"
"2013-03-01";"13:27:19";"F";"2536";"158";"514";"15";"0.693";"4.4"
"2013-03-01";"13:27:29";"F";"2537";"254";"500";"41";"0.492";"8.5"
"2013-03-01";"13:27:39";"F";"2538";"339";"478";"86";"0.291";"10.5"
"2013-03-01";"13:27:49";"F";"2539";"352";"445";"134";"0.209";"11.8"
"2013-03-01";"13:27:59";"F";"2540";"353";"419";"199";"0.158";"13.2"
"2013-03-01";"13:28:08";"F";"2541";"345";"393";"272";"0.122";"13.9"
"2013-03-01";"13:28:18";"F";"2542";"340";"370";"397";"0.081";"13.5"
"2013-03-01";"13:28:28";"F";"2543";"326";"348";"537";"0.063";"14.2"
"2013-03-01";"13:28:28";"SLCE";"";"Light Curve end ";""
"2013-03-01";"13:29:30";"SLCS";"";"Light Curve start ";""
"2013-03-01";"13:29:30";"REG1";"";"#1: alpha: - , ETRm: - , Ek: -   ( beta: - 0.001, ETRmPot: 10.568 ) ";""
"2013-03-01";"13:29:30";"REG2";"";"#1: alpha: 0.297, ETRm: 10.896, Ek: 36.714 ";""
"2013-03-01";"13:29:31";"FO";"2544";"145";"493";"0";"0.706";"0.0"
"2013-03-01";"13:29:41";"F";"2545";"158";"493";"15";"0.680";"4.3"
"2013-03-01";"13:29:51";"F";"2546";"241";"485";"41";"0.503";"8.7"
"2013-03-01";"13:30:01";"F";"2547";"330";"470";"86";"0.298";"10.8"
"2013-03-01";"13:30:11";"F";"2548";"359";"442";"134";"0.188";"10.6"
"2013-03-01";"13:30:21";"F";"2549";"354";"405";"199";"0.126";"10.5"
"2013-03-01";"13:30:31";"F";"2550";"335";"369";"272";"0.092";"10.5"
"2013-03-01";"13:30:41";"F";"2551";"311";"334";"397";"0.069";"11.5"
"2013-03-01";"13:30:50";"F";"2552";"287";"302";"537";"0.050";"11.3"
"2013-03-01";"13:30:50";"SLCE";"";"Light Curve end ";""
"2013-03-01";"13:33:07";"SLCS";"";"Light Curve start ";""
"2013-03-01";"13:33:07";"REG1";"";"#1: alpha: 0.347, ETRm: 12.837, Ek: 36.943   ( beta: 0.003, ETRmPot: 13.482 ) ";""
"2013-03-01";"13:33:07";"REG2";"";"#1: alpha: 0.275, ETRm: 12.482, Ek: 45.318 ";""
"2013-03-01";"13:33:08";"FO";"2553";"167";"530";"0";"0.685";"0.0"
"2013-03-01";"13:33:18";"F";"2554";"188";"527";"15";"0.643";"4.1"
"2013-03-01";"13:33:28";"F";"2555";"235";"494";"41";"0.524";"9.0"
"2013-03-01";"13:33:38";"F";"2556";"311";"459";"86";"0.322";"11.6"
"2013-03-01";"13:33:48";"F";"2557";"344";"443";"134";"0.223";"12.6"
"2013-03-01";"13:33:58";"F";"2558";"363";"430";"199";"0.156";"13.0"
"2013-03-01";"13:34:08";"F";"2559";"367";"413";"272";"0.111";"12.7"
"2013-03-01";"13:34:17";"F";"2560";"365";"394";"397";"0.074";"12.3"
"2013-03-01";"13:34:27";"F";"2561";"354";"374";"537";"0.053";"12.0"
"2013-03-01";"13:34:27";"SLCE";"";"Light Curve end ";""
"2013-03-01";"13:35:31";"SLCS";"";"Light Curve start ";""
"2013-03-01";"13:35:31";"REG1";"";"#1: alpha: 0.431, ETRm: 17.549, Ek: 40.727   ( beta: 0.020, ETRmPot: 21.184 ) ";""
"2013-03-01";"13:35:31";"REG2";"";"#1: alpha: 0.350, ETRm: 15.970, Ek: 45.666 ";""
"2013-03-01";"13:35:32";"FO";"2562";"145";"455";"0";"0.681";"0.0"
"2013-03-01";"13:35:40";"F";"2563";"161";"456";"15";"0.647";"4.1"
"2013-03-01";"13:35:50";"F";"2564";"169";"457";"41";"0.630";"10.8"
"2013-03-01";"13:36:00";"F";"2565";"228";"460";"86";"0.504";"18.2"
"2013-03-01";"13:36:10";"F";"2566";"308";"451";"134";"0.317";"17.8"
"2013-03-01";"13:36:20";"F";"2567";"350";"436";"199";"0.197";"16.5"
"2013-03-01";"13:36:30";"F";"2568";"364";"421";"272";"0.135";"15.4"
"2013-03-01";"13:36:40";"F";"2569";"368";"403";"397";"0.087";"14.5"
"2013-03-01";"13:36:50";"F";"2570";"362";"385";"537";"0.060";"13.5"
"2013-03-01";"13:36:50";"SLCE";"";"Light Curve end ";""
"2013-03-01";"13:39:18";"SLCS";"";"Light Curve start ";""
"2013-03-01";"13:39:18";"REG1";"";"#1: alpha: 0.314, ETRm: 10.802, Ek: 34.426   ( beta: 0.003, ETRmPot: 11.375 ) ";""
"2013-03-01";"13:39:18";"REG2";"";"#1: alpha: 0.258, ETRm: 10.421, Ek: 40.471 ";""
"2013-03-01";"13:39:19";"FO";"2571";"140";"528";"0";"0.735";"0.0"
"2013-03-01";"13:39:28";"F";"2572";"169";"525";"15";"0.678";"4.3"
"2013-03-01";"13:39:38";"F";"2573";"287";"520";"41";"0.448";"7.7"
"2013-03-01";"13:39:48";"F";"2574";"367";"498";"86";"0.263";"9.5"
"2013-03-01";"13:39:58";"F";"2575";"388";"476";"134";"0.185";"10.4"
"2013-03-01";"13:40:07";"F";"2576";"388";"446";"199";"0.130";"10.9"
"2013-03-01";"13:40:17";"F";"2577";"380";"422";"272";"0.100";"11.4"
"2013-03-01";"13:40:27";"F";"2578";"374";"399";"397";"0.063";"10.5"
"2013-03-01";"13:40:37";"F";"2579";"361";"377";"537";"0.042";"9.5"
"2013-03-01";"13:40:37";"SLCE";"";"Light Curve end ";""
"2013-03-01";"13:42:05";"SLCS";"";"Light Curve start ";""
"2013-03-01";"13:42:05";"REG1";"";"#1: alpha: - , ETRm: - , Ek: -   ( beta: - 0.002, ETRmPot: 8.360 ) ";""
"2013-03-01";"13:42:05";"REG2";"";"#1: alpha: 0.238, ETRm: 8.924, Ek: 37.521 ";""
"2013-03-01";"13:42:06";"FO";"2580";"147";"503";"0";"0.708";"0.0"
"2013-03-01";"13:42:15";"F";"2581";"190";"500";"15";"0.620";"3.9"
"2013-03-01";"13:42:24";"F";"2582";"296";"490";"41";"0.396";"6.8"
"2013-03-01";"13:42:34";"F";"2583";"369";"479";"86";"0.230";"8.3"
"2013-03-01";"13:42:44";"F";"2584";"395";"463";"134";"0.147";"8.3"
"2013-03-01";"13:42:54";"F";"2585";"402";"449";"199";"0.105";"8.8"
"2013-03-01";"13:43:04";"F";"2586";"401";"436";"272";"0.080";"9.1"
"2013-03-01";"13:43:14";"F";"2587";"403";"428";"397";"0.058";"9.7"
"2013-03-01";"13:43:24";"F";"2588";"400";"417";"537";"0.041";"9.2"
"2013-03-01";"13:43:24";"SLCE";"";"Light Curve end ";""
"2013-03-01";"13:45:28";"SLCS";"";"Light Curve start ";""
"2013-03-01";"13:45:28";"REG1";"";"#1: alpha: - , ETRm: - , Ek: -   ( beta: - 0.001, ETRmPot: 12.800 ) ";""
"2013-03-01";"13:45:28";"REG2";"";"#1: alpha: 0.259, ETRm: 13.007, Ek: 50.312 ";""
"2013-03-01";"13:45:29";"FO";"2589";"148";"528";"0";"0.720";"0.0"
"2013-03-01";"13:45:39";"F";"2590";"177";"526";"15";"0.663";"4.2"
"2013-03-01";"13:45:49";"F";"2591";"248";"514";"41";"0.518";"8.9"
"2013-03-01";"13:45:59";"F";"2592";"339";"498";"86";"0.319";"11.5"
"2013-03-01";"13:46:08";"F";"2593";"377";"479";"134";"0.213";"12.0"
"2013-03-01";"13:46:18";"F";"2594";"386";"458";"199";"0.157";"13.1"
"2013-03-01";"13:46:28";"F";"2595";"386";"438";"272";"0.119";"13.6"
"2013-03-01";"13:46:38";"F";"2596";"386";"420";"397";"0.081";"13.5"
"2013-03-01";"13:46:48";"F";"2597";"376";"399";"537";"0.058";"13.1"
"2013-03-01";"13:46:48";"SLCE";"";"Light Curve end ";""
"2013-03-01";"13:47:15";"SLCS";"";"Light Curve start ";""
"2013-03-01";"13:47:15";"REG1";"";"#1: alpha: - , ETRm: - , Ek: -   ( beta: - 0.006, ETRmPot: 9.562 ) ";""
"2013-03-01";"13:47:15";"REG2";"";"#1: alpha: 0.272, ETRm: 11.552, Ek: 42.533 ";""
"2013-03-01";"13:47:16";"FO";"2598";"139";"498";"0";"0.721";"0.0"
"2013-03-01";"13:47:25";"F";"2599";"167";"494";"15";"0.662";"4.2"
"2013-03-01";"13:47:35";"F";"2600";"228";"467";"41";"0.512";"8.8"
"2013-03-01";"13:47:45";"F";"2601";"295";"409";"86";"0.279";"10.1"
"2013-03-01";"13:47:55";"F";"2602";"273";"336";"134";"0.188";"10.6"
"2013-03-01";"13:48:05";"F";"2603";"248";"285";"199";"0.130";"10.9"
"2013-03-01";"13:48:15";"F";"2604";"226";"250";"272";"0.096";"11.0"
"2013-03-01";"13:48:24";"F";"2605";"210";"226";"397";"0.071";"11.8"
"2013-03-01";"13:48:34";"F";"2606";"194";"207";"537";"0.063";"14.2"
"2013-03-01";"13:48:34";"SLCE";"";"Light Curve end ";""
"2013-03-02";"07:36:59";"SLCS";"";"Light Curve start ";""
"2013-03-02";"07:37:00";"FO";"2607";"0";"3";"0";"-";"-"
"2013-03-02";"07:37:09";"F";"2608";"0";"0";"15";"-";"-"
"2013-03-02";"07:37:09";"SLCE";"";"Light Curve end ";""
"2013-03-02";"11:33:42";"C";"";"MI=5;SI=8;SW=0.6;AI=3;AW=0:05;AF=1.00;G=7;D=1;EF=0.84;FO=13;CW=30:00;CI=2;LW=0:10;LI=1;ID=0:05;IW=0:10;DO0.0;DG1.00;LO=0;LG=0.80 ";""
"2013-03-02";"11:33:42";"SLCS";"";"Light Curve start ";""
"2013-03-02";"11:33:42";"REG1";"";"#1: alpha: 0.425, ETRm: 18.762, Ek: 44.095   ( beta: 0.018, ETRmPot: 22.345 ) ";""
"2013-03-02";"11:33:42";"REG2";"";"#1: alpha: 0.353, ETRm: 17.122, Ek: 48.494 ";""
"2013-03-02";"11:33:43";"FO";"2610";"166";"552";"0";"0.699";"0.0"
"2013-03-02";"11:33:52";"F";"2611";"176";"550";"17";"0.680";"4.9"
"2013-03-02";"11:34:02";"F";"2612";"203";"547";"48";"0.629";"12.7"
"2013-03-02";"11:34:12";"F";"2613";"287";"538";"96";"0.467";"18.8"
"2013-03-02";"11:34:21";"F";"2614";"366";"522";"148";"0.299";"18.6"
"2013-03-02";"11:34:31";"F";"2615";"398";"495";"220";"0.196";"18.1"
"2013-03-02";"11:34:41";"F";"2616";"391";"451";"300";"0.133";"16.8"
"2013-03-02";"11:34:51";"F";"2617";"366";"401";"437";"0.087";"16.0"
"2013-03-02";"11:35:01";"F";"2618";"326";"346";"588";"0.058";"14.3"
"2013-03-02";"11:35:01";"SLCE";"";"Light Curve end ";""
"2013-03-02";"11:37:03";"SLCS";"";"Light Curve start ";""
"2013-03-02";"11:37:03";"REG1";"";"#1: alpha: 0.340, ETRm: 14.261, Ek: 41.965   ( beta: 0.009, ETRmPot: 16.194 ) ";""
"2013-03-02";"11:37:03";"REG2";"";"#1: alpha: 0.298, ETRm: 13.203, Ek: 44.249 ";""
"2013-03-02";"11:37:04";"FO";"2619";"150";"554";"0";"0.729";"0.0"
"2013-03-02";"11:37:12";"F";"2620";"176";"551";"17";"0.681";"4.9"
"2013-03-02";"11:37:22";"F";"2621";"249";"516";"48";"0.517";"10.4"
"2013-03-02";"11:37:32";"F";"2622";"332";"490";"96";"0.322";"13.0"
"2013-03-02";"11:37:42";"F";"2623";"368";"467";"148";"0.212";"13.2"
"2013-03-02";"11:37:52";"F";"2624";"372";"443";"220";"0.160";"14.8"
"2013-03-02";"11:38:02";"F";"2625";"367";"413";"300";"0.111";"14.0"
"2013-03-02";"11:38:12";"F";"2626";"357";"384";"437";"0.070";"12.8"
"2013-03-02";"11:38:22";"F";"2627";"340";"356";"588";"0.045";"11.1"
"2013-03-02";"11:38:22";"SLCE";"";"Light Curve end ";""
"2013-03-02";"11:39:59";"SLCS";"";"Light Curve start ";""
"2013-03-02";"11:39:59";"REG1";"";"#1: alpha: - , ETRm: - , Ek: -   ( beta: - 0.003, ETRmPot: 8.995 ) ";""
"2013-03-02";"11:39:59";"REG2";"";"#1: alpha: 0.141, ETRm: 10.198, Ek: 72.279 ";""
"2013-03-02";"11:40:00";"FO";"2628";"272";"624";"0";"0.564";"0.0"
"2013-03-02";"11:40:09";"F";"2629";"333";"622";"17";"0.465";"3.3"
"2013-03-02";"11:40:19";"F";"2630";"415";"602";"48";"0.311";"6.3"
"2013-03-02";"11:40:28";"F";"2631";"465";"583";"96";"0.202";"8.1"
"2013-03-02";"11:40:38";"F";"2632";"485";"566";"148";"0.143";"8.9"
"2013-03-02";"11:40:48";"F";"2633";"495";"556";"220";"0.110";"10.2"
"2013-03-02";"11:40:58";"F";"2634";"497";"540";"300";"0.080";"10.1"
"2013-03-02";"11:41:08";"F";"2635";"497";"527";"437";"0.057";"10.5"
"2013-03-02";"11:41:18";"F";"2636";"490";"513";"588";"0.045";"11.1"
"2013-03-02";"11:41:18";"SLCE";"";"Light Curve end ";""
"2013-03-02";"11:42:12";"SLCS";"";"Light Curve start ";""
"2013-03-02";"11:42:12";"REG1";"";"#1: alpha: 0.320, ETRm: 19.634, Ek: 61.339   ( beta: 6.156, ETRmPot: 1052.982 ) ";""
"2013-03-02";"11:42:12";"REG2";"";"#1: alpha: 0.336, ETRm: 16.179, Ek: 48.163 ";""
"2013-03-02";"11:42:13";"FO";"2637";"145";"536";"0";"0.729";"0.0"
"2013-03-02";"11:42:22";"F";"2638";"173";"533";"17";"0.675";"4.8"
"2013-03-02";"11:42:32";"F";"2639";"206";"521";"48";"0.605";"12.2"
"2013-03-02";"11:42:42";"F";"2640";"288";"499";"96";"0.423";"17.1"
"2013-03-02";"11:42:52";"F";"2641";"341";"475";"148";"0.282";"17.5"
"2013-03-02";"11:43:02";"F";"2642";"367";"465";"220";"0.211";"19.5"
"2013-03-02";"11:43:11";"F";"2643";"342";"403";"300";"0.151";"19.0"
"2013-03-02";"11:43:21";"F";"2644";"353";"368";"437";"0.041";"7.5"
"2013-03-02";"11:43:31";"F";"2645";"15";"14";"588";"-";"-"
"2013-03-02";"11:43:31";"SLCE";"";"Light Curve end ";""
"2013-03-02";"11:43:49";"SLCS";"";"Light Curve start ";""
"2013-03-02";"11:43:49";"REG1";"";"#1: alpha: 0.398, ETRm: 17.586, Ek: 44.201   ( beta: 0.019, ETRmPot: 21.387 ) ";""
"2013-03-02";"11:43:49";"REG2";"";"#1: alpha: 0.333, ETRm: 15.861, Ek: 47.664 ";""
"2013-03-02";"11:43:50";"FO";"2646";"145";"417";"0";"0.652";"0.0"
"2013-03-02";"11:43:59";"F";"2647";"145";"414";"17";"0.650";"4.6"
"2013-03-02";"11:44:08";"F";"2648";"166";"408";"48";"0.593";"12.0"
"2013-03-02";"11:44:18";"F";"2649";"224";"389";"96";"0.424";"17.1"
"2013-03-02";"11:44:28";"F";"2650";"250";"354";"148";"0.294";"18.3"
"2013-03-02";"11:44:38";"F";"2651";"284";"347";"220";"0.182";"16.8"
"2013-03-02";"11:44:48";"F";"2652";"291";"331";"300";"0.121";"15.2"
"2013-03-02";"11:44:58";"F";"2653";"291";"316";"437";"0.079";"14.5"
"2013-03-02";"11:45:08";"F";"2654";"284";"300";"588";"0.053";"13.1"
"2013-03-02";"11:45:08";"SLCE";"";"Light Curve end ";""
"2013-03-02";"11:46:47";"SLCS";"";"Light Curve start ";""
"2013-03-02";"11:46:47";"REG1";"";"#1: alpha: 0.313, ETRm: 8.002, Ek: 25.535   ( beta: 0.000, ETRmPot: 8.075 ) ";""
"2013-03-02";"11:46:47";"REG2";"";"#1: alpha: 0.242, ETRm: 7.903, Ek: 32.716 ";""
"2013-03-02";"11:46:48";"FO";"2655";"170";"413";"0";"0.588";"0.0"
"2013-03-02";"11:46:58";"F";"2656";"179";"400";"17";"0.553";"3.9"
"2013-03-02";"11:47:08";"F";"2657";"250";"382";"48";"0.346";"7.0"
"2013-03-02";"11:47:17";"F";"2658";"305";"371";"96";"0.178";"7.2"
"2013-03-02";"11:47:27";"F";"2659";"319";"366";"148";"0.128";"8.0"
"2013-03-02";"11:47:37";"F";"2660";"326";"359";"220";"0.092";"8.5"
"2013-03-02";"11:47:47";"F";"2661";"328";"351";"300";"0.066";"8.3"
"2013-03-02";"11:47:57";"F";"2662";"330";"344";"437";"0.041";"7.5"
"2013-03-02";"11:48:07";"F";"2663";"328";"339";"588";"0.032";"7.9"
"2013-03-02";"11:48:07";"SLCE";"";"Light Curve end ";""
"2013-03-02";"11:49:00";"SLCS";"";"Light Curve start ";""
"2013-03-02";"11:49:01";"FO";"2664";"14";"17";"0";"-";"-"
"2013-03-02";"11:49:10";"F";"2665";"8";"13";"17";"-";"-"
"2013-03-02";"11:49:10";"SLCE";"";"Light Curve end ";""
"2013-03-02";"11:49:38";"SLCS";"";"Light Curve start ";""
"2013-03-02";"11:49:38";"REG1";"";"#1: alpha: 0.345, ETRm: 13.084, Ek: 37.964   ( beta: 0.017, ETRmPot: 15.921 ) ";""
"2013-03-02";"11:49:38";"REG2";"";"#1: alpha: 0.325, ETRm: 11.373, Ek: 35.021 ";""
"2013-03-02";"11:49:39";"FO";"2666";"131";"516";"0";"0.746";"0.0"
"2013-03-02";"11:49:48";"F";"2667";"157";"518";"17";"0.697";"5.0"
"2013-03-02";"11:49:58";"F";"2668";"258";"511";"48";"0.495";"10.0"
"2013-03-02";"11:50:08";"F";"2669";"345";"494";"96";"0.302";"12.2"
"2013-03-02";"11:50:18";"F";"2670";"378";"475";"148";"0.204";"12.7"
"2013-03-02";"11:50:28";"F";"2671";"392";"455";"220";"0.138";"12.8"
"2013-03-02";"11:50:38";"F";"2672";"389";"431";"300";"0.097";"12.2"
"2013-03-02";"11:50:48";"F";"2673";"383";"405";"437";"0.054";"9.9"
"2013-03-02";"11:50:57";"F";"2674";"365";"378";"588";"0.034";"8.4"
"2013-03-02";"11:50:57";"SLCE";"";"Light Curve end ";""
"2013-03-02";"11:52:58";"SLCS";"";"Light Curve start ";""
"2013-03-02";"11:52:58";"REG1";"";"#1: alpha: 0.382, ETRm: 10.887, Ek: 28.515   ( beta: 0.000, ETRmPot: 10.926 ) ";""
"2013-03-02";"11:52:58";"REG2";"";"#1: alpha: 0.286, ETRm: 10.807, Ek: 37.802 ";""
"2013-03-02";"11:52:59";"FO";"2675";"175";"576";"0";"0.696";"0.0"
"2013-03-02";"11:53:08";"F";"2676";"205";"571";"17";"0.641";"4.6"
"2013-03-02";"11:53:18";"F";"2677";"300";"552";"48";"0.457";"9.2"
"2013-03-02";"11:53:28";"F";"2678";"392";"531";"96";"0.262";"10.6"
"2013-03-02";"11:53:38";"F";"2679";"421";"506";"148";"0.168";"10.4"
"2013-03-02";"11:53:47";"F";"2680";"425";"482";"220";"0.118";"10.9"
"2013-03-02";"11:53:57";"F";"2681";"416";"455";"300";"0.086";"10.8"
"2013-03-02";"11:54:07";"F";"2682";"405";"432";"437";"0.063";"11.6"
"2013-03-02";"11:54:17";"F";"2683";"389";"406";"588";"0.042";"10.4"
"2013-03-02";"11:54:17";"SLCE";"";"Light Curve end ";""
"2013-03-02";"11:55:13";"SLCS";"";"Light Curve start ";""
"2013-03-02";"11:55:13";"REG1";"";"#1: alpha: 0.410, ETRm: 9.066, Ek: 22.111   ( beta: 0.004, ETRmPot: 9.628 ) ";""
"2013-03-02";"11:55:13";"REG2";"";"#1: alpha: 0.338, ETRm: 8.398, Ek: 24.830 ";""
"2013-03-02";"11:55:14";"FO";"2684";"129";"569";"0";"0.773";"0.0"
"2013-03-02";"11:55:23";"F";"2685";"181";"568";"17";"0.681";"4.9"
"2013-03-02";"11:55:33";"F";"2686";"330";"562";"48";"0.413";"8.3"
"2013-03-02";"11:55:43";"F";"2687";"432";"553";"96";"0.219";"8.8"
"2013-03-02";"11:55:53";"F";"2688";"466";"542";"148";"0.140";"8.7"
"2013-03-02";"11:56:03";"F";"2689";"485";"537";"220";"0.097";"9.0"
"2013-03-02";"11:56:13";"F";"2690";"491";"528";"300";"0.070";"8.8"
"2013-03-02";"11:56:23";"F";"2691";"497";"519";"437";"0.042";"7.7"
"2013-03-02";"11:56:32";"F";"2692";"494";"509";"588";"0.029";"7.2"
"2013-03-02";"11:56:32";"SLCE";"";"Light Curve end ";""
"2013-03-02";"11:59:10";"SLCS";"";"Light Curve start ";""
"2013-03-02";"11:59:10";"REG1";"";"#1: alpha: 0.169, ETRm: 7.597, Ek: 44.822   ( beta: 0.005, ETRmPot: 8.707 ) ";""
"2013-03-02";"11:59:10";"REG2";"";"#1: alpha: 0.161, ETRm: 6.987, Ek: 43.319 ";""
"2013-03-02";"11:59:11";"FO";"2693";"308";"721";"0";"0.573";"0.0"
"2013-03-02";"11:59:20";"F";"2694";"402";"709";"17";"0.433";"3.1"
"2013-03-02";"11:59:29";"F";"2695";"508";"690";"48";"0.264";"5.3"
"2013-03-02";"11:59:39";"F";"2696";"563";"669";"96";"0.158";"6.4"
"2013-03-02";"11:59:49";"F";"2697";"572";"644";"148";"0.112";"7.0"
"2013-03-02";"11:59:59";"F";"2698";"578";"630";"220";"0.083";"7.7"
"2013-03-02";"12:00:09";"F";"2699";"579";"617";"300";"0.062";"7.8"
"2013-03-02";"12:00:19";"F";"2700";"582";"607";"437";"0.041";"7.5"
"2013-03-02";"12:00:29";"F";"2701";"583";"596";"588";"0.022";"5.4"
"2013-03-02";"12:00:29";"SLCE";"";"Light Curve end ";""
"2013-03-02";"12:01:31";"SLCS";"";"Light Curve start ";""
"2013-03-02";"12:01:31";"REG1";"";"#1: alpha: 0.350, ETRm: 15.030, Ek: 42.991   ( beta: 0.006, ETRmPot: 16.395 ) ";""
"2013-03-02";"12:01:31";"REG2";"";"#1: alpha: 0.287, ETRm: 14.335, Ek: 49.914 ";""
"2013-03-02";"12:01:32";"FO";"2702";"128";"499";"0";"0.743";"0.0"
"2013-03-02";"12:01:42";"F";"2703";"158";"500";"17";"0.684";"4.9"
"2013-03-02";"12:01:52";"F";"2704";"238";"498";"48";"0.522";"10.5"
"2013-03-02";"12:02:01";"F";"2705";"323";"492";"96";"0.343";"13.8"
"2013-03-02";"12:02:11";"F";"2706";"372";"484";"148";"0.231";"14.4"
"2013-03-02";"12:02:21";"F";"2707";"399";"476";"220";"0.162";"15.0"
"2013-03-02";"12:02:31";"F";"2708";"413";"470";"300";"0.121";"15.2"
"2013-03-02";"12:02:41";"F";"2709";"427";"462";"437";"0.076";"13.9"
"2013-03-02";"12:02:51";"F";"2710";"430";"454";"588";"0.053";"13.1"
"2013-03-02";"12:02:51";"SLCE";"";"Light Curve end ";""
"2013-03-02";"12:04:42";"SLCS";"";"Light Curve start ";""
"2013-03-02";"12:04:42";"REG1";"";"#1: alpha: 0.359, ETRm: 13.198, Ek: 36.743   ( beta: 0.002, ETRmPot: 13.611 ) ";""
"2013-03-02";"12:04:42";"REG2";"";"#1: alpha: 0.282, ETRm: 12.915, Ek: 45.818 ";""
"2013-03-02";"12:04:43";"FO";"2711";"159";"613";"0";"0.741";"0.0"
"2013-03-02";"12:04:52";"F";"2712";"192";"604";"17";"0.682";"4.9"
"2013-03-02";"12:05:02";"F";"2713";"294";"584";"48";"0.497";"10.0"
"2013-03-02";"12:05:12";"F";"2714";"398";"567";"96";"0.298";"12.0"
"2013-03-02";"12:05:22";"F";"2715";"435";"547";"148";"0.205";"12.7"
"2013-03-02";"12:05:32";"F";"2716";"452";"530";"220";"0.147";"13.6"
"2013-03-02";"12:05:42";"F";"2717";"452";"504";"300";"0.103";"13.0"
"2013-03-02";"12:05:52";"F";"2718";"448";"484";"437";"0.074";"13.6"
"2013-03-02";"12:06:02";"F";"2719";"449";"472";"588";"0.049";"12.1"
"2013-03-02";"12:06:02";"SLCE";"";"Light Curve end ";""
"2013-03-02";"12:07:33";"SLCS";"";"Light Curve start ";""
"2013-03-02";"12:07:33";"REG1";"";"#1: Error: Not enough measures for calculating the curve ";""
"2013-03-02";"12:07:33";"REG2";"";"#1: Error: Not enough measures for calculating the curve ";""
"2013-03-02";"12:07:34";"FO";"2720";"110";"466";"0";"0.764";"0.0"
"2013-03-02";"12:07:43";"F";"2721";"138";"461";"17";"0.701";"5.0"
"2013-03-02";"12:07:53";"F";"2722";"50";"44";"48";"-";"-"
"2013-03-02";"12:08:03";"F";"2723";"32";"43";"96";"-";"-"
"2013-03-02";"12:08:03";"SLCE";"";"Light Curve end ";""
"2013-03-02";"13:02:57";"C";"";"MI=5;SI=8;SW=0.6;AI=3;AW=0:05;AF=1.00;G=7;D=1;EF=0.84;FO=19;CW=30:00;CI=2;LW=0:10;LI=1;ID=0:05;IW=0:10;DO0.0;DG1.00;LO=0;LG=0.80 ";""
"2013-03-02";"13:02:57";"SLCS";"";"Light Curve start ";""
"2013-03-02";"13:02:57";"REG1";"";"#1: alpha: 0.326, ETRm: 8.089, Ek: 24.813   ( beta: 0.002, ETRmPot: 8.369 ) ";""
"2013-03-02";"13:02:57";"REG2";"";"#1: alpha: 0.261, ETRm: 7.823, Ek: 29.986 ";""
"2013-03-02";"13:02:58";"FO";"2725";"166";"542";"0";"0.694";"0.0"
"2013-03-02";"13:03:07";"F";"2726";"213";"535";"15";"0.602";"3.8"
"2013-03-02";"13:03:17";"F";"2727";"322";"519";"42";"0.380";"6.7"
"2013-03-02";"13:03:27";"F";"2728";"392";"498";"86";"0.213";"7.7"
"2013-03-02";"13:03:37";"F";"2729";"404";"467";"133";"0.135";"7.5"
"2013-03-02";"13:03:46";"F";"2730";"399";"443";"199";"0.099";"8.3"
"2013-03-02";"13:03:56";"F";"2731";"386";"418";"272";"0.077";"8.8"
"2013-03-02";"13:04:06";"F";"2732";"378";"396";"399";"0.045";"7.5"
"2013-03-02";"13:04:16";"F";"2733";"365";"377";"537";"0.032";"7.2"
"2013-03-02";"13:04:16";"SLCE";"";"Light Curve end ";""
"2013-03-02";"13:05:08";"SLCS";"";"Light Curve start ";""
"2013-03-02";"13:05:08";"REG1";"";"#1: Error: Not enough measures for calculating the curve ";""
"2013-03-02";"13:05:08";"REG2";"";"#1: Error: Not enough measures for calculating the curve ";""
"2013-03-02";"13:05:09";"FO";"2734";"141";"562";"0";"0.749";"0.0"
"2013-03-02";"13:05:09";"SLCE";"";"Light Curve end ";""
"2013-03-02";"13:06:09";"SLCS";"";"Light Curve start ";""
"2013-03-02";"13:06:09";"REG1";"";"#1: alpha: 0.233, ETRm: 9.460, Ek: 40.576   ( beta: 0.001, ETRmPot: 9.724 ) ";""
"2013-03-02";"13:06:09";"REG2";"";"#1: alpha: 0.188, ETRm: 9.250, Ek: 49.222 ";""
"2013-03-02";"13:06:10";"FO";"2735";"147";"559";"0";"0.737";"0.0"
"2013-03-02";"13:06:20";"F";"2736";"207";"544";"15";"0.619";"3.9"
"2013-03-02";"13:06:30";"F";"2737";"336";"520";"42";"0.354";"6.2"
"2013-03-02";"13:06:40";"F";"2738";"397";"505";"86";"0.214";"7.7"
"2013-03-02";"13:06:50";"F";"2739";"410";"484";"133";"0.153";"8.5"
"2013-03-02";"13:06:59";"F";"2740";"412";"465";"199";"0.114";"9.5"
"2013-03-02";"13:07:09";"F";"2741";"403";"445";"272";"0.094";"10.7"
"2013-03-02";"13:07:19";"F";"2742";"397";"421";"399";"0.057";"9.6"
"2013-03-02";"13:07:29";"F";"2743";"382";"397";"537";"0.038";"8.6"
"2013-03-02";"13:07:29";"SLCE";"";"Light Curve end ";""
"2013-03-02";"13:16:04";"C";"";"MI=5;SI=8;SW=0.6;AI=3;AW=0:05;AF=1.00;G=7;D=1;EF=0.84;FO=26;CW=30:00;CI=2;LW=0:10;LI=1;ID=0:05;IW=0:10;DO0.0;DG1.00;LO=0;LG=0.80 ";""
"2013-03-02";"13:16:04";"SLCS";"";"Light Curve start ";""
"2013-03-02";"13:16:04";"REG1";"";"#1: alpha: 0.237, ETRm: 8.554, Ek: 36.160   ( beta: 0.001, ETRmPot: 8.888 ) ";""
"2013-03-02";"13:16:04";"REG2";"";"#1: alpha: 0.188, ETRm: 8.339, Ek: 44.318 ";""
"2013-03-02";"13:16:05";"FO";"2745";"204";"611";"0";"0.666";"0.0"
"2013-03-02";"13:16:14";"F";"2746";"277";"604";"15";"0.541";"3.4"
"2013-03-02";"13:16:24";"F";"2747";"390";"585";"42";"0.333";"5.9"
"2013-03-02";"13:16:34";"F";"2748";"445";"560";"86";"0.205";"7.4"
"2013-03-02";"13:16:44";"F";"2749";"455";"533";"133";"0.146";"8.2"
"2013-03-02";"13:16:54";"F";"2750";"455";"511";"199";"0.110";"9.2"
"2013-03-02";"13:17:03";"F";"2751";"446";"483";"272";"0.077";"8.8"
"2013-03-02";"13:17:13";"F";"2752";"435";"456";"399";"0.046";"7.7"
"2013-03-02";"13:17:23";"F";"2753";"419";"435";"537";"0.037";"8.3"
"2013-03-02";"13:17:23";"SLCE";"";"Light Curve end ";""
"2013-03-02";"13:18:59";"SLCS";"";"Light Curve start ";""
"2013-03-02";"13:18:59";"REG1";"";"#1: alpha: 0.404, ETRm: 10.538, Ek: 26.064   ( beta: 0.003, ETRmPot: 11.021 ) ";""
"2013-03-02";"13:18:59";"REG2";"";"#1: alpha: 0.321, ETRm: 10.131, Ek: 31.608 ";""
"2013-03-02";"13:19:00";"FO";"2754";"131";"552";"0";"0.763";"0.0"
"2013-03-02";"13:19:10";"F";"2755";"170";"542";"15";"0.686";"4.3"
"2013-03-02";"13:19:20";"F";"2756";"261";"532";"42";"0.509";"9.0"
"2013-03-02";"13:19:30";"F";"2757";"365";"508";"86";"0.281";"10.1"
"2013-03-02";"13:19:40";"F";"2758";"394";"483";"133";"0.184";"10.3"
"2013-03-02";"13:19:50";"F";"2759";"395";"451";"199";"0.124";"10.4"
"2013-03-02";"13:20:00";"F";"2760";"379";"416";"272";"0.089";"10.2"
"2013-03-02";"13:20:10";"F";"2761";"360";"384";"399";"0.063";"10.6"
"2013-03-02";"13:20:19";"F";"2762";"340";"354";"537";"0.040";"9.0"
"2013-03-02";"13:20:19";"SLCE";"";"Light Curve end ";""
"2013-03-02";"13:21:59";"SLCS";"";"Light Curve start ";""
"2013-03-02";"13:21:59";"REG1";"";"#1: alpha: 0.408, ETRm: 9.177, Ek: 22.519   ( beta: 0.001, ETRmPot: 9.384 ) ";""
"2013-03-02";"13:21:59";"REG2";"";"#1: alpha: 0.307, ETRm: 8.985, Ek: 29.274 ";""
"2013-03-02";"13:22:00";"FO";"2763";"144";"579";"0";"0.751";"0.0"
"2013-03-02";"13:22:09";"F";"2764";"193";"574";"15";"0.664";"4.2"
"2013-03-02";"13:22:19";"F";"2765";"307";"560";"42";"0.452";"8.0"
"2013-03-02";"13:22:29";"F";"2766";"402";"547";"86";"0.265";"9.6"
"2013-03-02";"13:22:39";"F";"2767";"448";"533";"133";"0.159";"8.9"
"2013-03-02";"13:22:49";"F";"2768";"465";"520";"199";"0.106";"8.9"
"2013-03-02";"13:22:59";"F";"2769";"472";"511";"272";"0.076";"8.7"
"2013-03-02";"13:23:08";"F";"2770";"476";"503";"399";"0.054";"9.0"
"2013-03-02";"13:23:18";"F";"2771";"474";"493";"537";"0.039";"8.8"
"2013-03-02";"13:23:18";"SLCE";"";"Light Curve end ";""
"2013-03-02";"13:24:48";"SLCS";"";"Light Curve start ";""
"2013-03-02";"13:24:48";"REG1";"";"#1: alpha: 0.392, ETRm: 8.789, Ek: 22.427   ( beta: 0.007, ETRmPot: 9.655 ) ";""
"2013-03-02";"13:24:48";"REG2";"";"#1: alpha: 0.336, ETRm: 7.872, Ek: 23.416 ";""
"2013-03-02";"13:24:49";"FO";"2772";"128";"583";"0";"0.780";"0.0"
"2013-03-02";"13:24:58";"F";"2773";"178";"582";"15";"0.694";"4.4"
"2013-03-02";"13:25:08";"F";"2774";"330";"576";"42";"0.427";"7.5"
"2013-03-02";"13:25:18";"F";"2775";"423";"565";"86";"0.251";"9.1"
"2013-03-02";"13:25:28";"F";"2776";"458";"540";"133";"0.152";"8.5"
"2013-03-02";"13:25:38";"F";"2777";"465";"516";"199";"0.099";"8.3"
"2013-03-02";"13:25:48";"F";"2778";"453";"487";"272";"0.070";"8.0"
"2013-03-02";"13:25:58";"F";"2779";"438";"456";"399";"0.039";"6.5"
"2013-03-02";"13:26:07";"F";"2780";"416";"429";"537";"0.030";"6.8"
"2013-03-02";"13:26:07";"SLCE";"";"Light Curve end ";""
"2013-03-02";"13:27:42";"SLCS";"";"Light Curve start ";""
"2013-03-02";"13:27:42";"REG1";"";"#1: alpha: 0.390, ETRm: 11.441, Ek: 29.365   ( beta: 0.003, ETRmPot: 11.901 ) ";""
"2013-03-02";"13:27:42";"REG2";"";"#1: alpha: 0.301, ETRm: 11.124, Ek: 36.926 ";""
"2013-03-02";"13:27:43";"FO";"2781";"141";"449";"0";"0.686";"0.0"
"2013-03-02";"13:27:52";"F";"2782";"149";"443";"15";"0.664";"4.2"
"2013-03-02";"13:28:02";"F";"2783";"212";"434";"42";"0.512";"9.0"
"2013-03-02";"13:28:12";"F";"2784";"287";"421";"86";"0.318";"11.5"
"2013-03-02";"13:28:22";"F";"2785";"331";"411";"133";"0.195";"10.9"
"2013-03-02";"13:28:32";"F";"2786";"347";"401";"199";"0.135";"11.3"
"2013-03-02";"13:28:42";"F";"2787";"352";"390";"272";"0.097";"11.1"
"2013-03-02";"13:28:52";"F";"2788";"354";"380";"399";"0.068";"11.4"
"2013-03-02";"13:29:02";"F";"2789";"351";"368";"537";"0.046";"10.4"
"2013-03-02";"13:29:02";"SLCE";"";"Light Curve end ";""
"2013-03-02";"13:31:50";"SLCS";"";"Light Curve start ";""
"2013-03-02";"13:31:50";"REG1";"";"#1: alpha: 0.418, ETRm: 12.161, Ek: 29.109   ( beta: 0.006, ETRmPot: 13.155 ) ";""
"2013-03-02";"13:31:50";"REG2";"";"#1: alpha: 0.328, ETRm: 11.459, Ek: 34.956 ";""
"2013-03-02";"13:31:51";"FO";"2790";"179";"647";"0";"0.723";"0.0"
"2013-03-02";"13:32:00";"F";"2791";"204";"646";"15";"0.684";"4.3"
"2013-03-02";"13:32:10";"F";"2792";"280";"613";"42";"0.543";"9.6"
"2013-03-02";"13:32:20";"F";"2793";"364";"561";"86";"0.351";"12.7"
"2013-03-02";"13:32:30";"F";"2794";"381";"488";"133";"0.219";"12.2"
"2013-03-02";"13:32:40";"F";"2795";"362";"423";"199";"0.144";"12.0"
"2013-03-02";"13:32:49";"F";"2796";"330";"362";"272";"0.088";"10.1"
"2013-03-02";"13:32:59";"F";"2797";"297";"318";"399";"0.066";"11.1"
"2013-03-02";"13:33:09";"F";"2798";"266";"279";"537";"0.047";"10.6"
"2013-03-02";"13:33:09";"SLCE";"";"Light Curve end ";""
"2013-03-02";"13:34:17";"SLCS";"";"Light Curve start ";""
"2013-03-02";"13:34:17";"REG1";"";"#1: Error: Not enough measures for calculating the curve ";""
"2013-03-02";"13:34:17";"REG2";"";"#1: Error: Not enough measures for calculating the curve ";""
"2013-03-02";"13:34:18";"FO";"2799";"119";"530";"0";"0.775";"0.0"
"2013-03-02";"13:34:18";"SLCE";"";"Light Curve end ";""
"2013-03-02";"13:34:25";"SLCS";"";"Light Curve start ";""
"2013-03-02";"13:34:25";"REG1";"";"#1: Error: Not enough measures for calculating the curve ";""
"2013-03-02";"13:34:25";"REG2";"";"#1: Error: Not enough measures for calculating the curve ";""
"2013-03-02";"13:34:26";"FO";"2800";"132";"528";"0";"0.750";"0.0"
"2013-03-02";"13:34:26";"SLCE";"";"Light Curve end ";""
"2013-03-02";"13:34:28";"SLCS";"";"Light Curve start ";""
"2013-03-02";"13:34:28";"REG1";"";"#1: Error: Not enough measures for calculating the curve ";""
"2013-03-02";"13:34:28";"REG2";"";"#1: Error: Not enough measures for calculating the curve ";""
"2013-03-02";"13:34:29";"FO";"2801";"145";"523";"0";"0.723";"0.0"
"2013-03-02";"13:34:29";"SLCE";"";"Light Curve end ";""
"2013-03-02";"13:35:43";"SLCS";"";"Light Curve start ";""
"2013-03-02";"13:35:43";"REG1";"";"#1: alpha: - , ETRm: - , Ek: -   ( beta: - 0.001, ETRmPot: 6.543 ) ";""
"2013-03-02";"13:35:43";"REG2";"";"#1: alpha: 0.287, ETRm: 6.773, Ek: 23.578 ";""
"2013-03-02";"13:35:44";"FO";"2802";"141";"459";"0";"0.693";"0.0"
"2013-03-02";"13:35:54";"F";"2803";"168";"452";"15";"0.628";"4.0"
"2013-03-02";"13:36:04";"F";"2804";"290";"438";"42";"0.338";"6.0"
"2013-03-02";"13:36:14";"F";"2805";"353";"425";"86";"0.169";"6.1"
"2013-03-02";"13:36:24";"F";"2806";"368";"417";"133";"0.118";"6.6"
"2013-03-02";"13:36:34";"F";"2807";"378";"413";"199";"0.085";"7.1"
"2013-03-02";"13:36:43";"F";"2808";"382";"408";"272";"0.064";"7.3"
"2013-03-02";"13:36:53";"F";"2809";"389";"406";"399";"0.042";"7.0"
"2013-03-02";"13:37:03";"F";"2810";"390";"402";"537";"0.030";"6.8"
"2013-03-02";"13:37:03";"SLCE";"";"Light Curve end ";""
"2013-03-02";"13:38:06";"SLCS";"";"Light Curve start ";""
"2013-03-02";"13:38:06";"REG1";"";"#1: alpha: 0.456, ETRm: 6.135, Ek: 13.463   ( beta: 0.001, ETRmPot: 6.222 ) ";""
"2013-03-02";"13:38:06";"REG2";"";"#1: alpha: 0.326, ETRm: 6.003, Ek: 18.437 ";""
"2013-03-02";"13:38:07";"FO";"2811";"129";"421";"0";"0.694";"0.0"
"2013-03-02";"13:38:16";"F";"2812";"161";"416";"15";"0.613";"3.9"
"2013-03-02";"13:38:26";"F";"2813";"255";"403";"42";"0.367";"6.5"
"2013-03-02";"13:38:36";"F";"2814";"320";"389";"86";"0.177";"6.4"
"2013-03-02";"13:38:46";"F";"2815";"335";"374";"133";"0.104";"5.8"
"2013-03-02";"13:38:56";"F";"2816";"333";"358";"199";"0.070";"5.9"
"2013-03-02";"13:39:06";"F";"2817";"328";"345";"272";"0.049";"5.6"
"2013-03-02";"13:39:15";"F";"2818";"320";"331";"399";"0.033";"5.5"
"2013-03-02";"13:39:25";"F";"2819";"309";"318";"537";"0.028";"6.3"
"2013-03-02";"13:39:25";"SLCE";"";"Light Curve end ";""
"2013-03-02";"13:41:15";"SLCS";"";"Light Curve start ";""
"2013-03-02";"13:41:15";"REG1";"";"#1: alpha: - , ETRm: - , Ek: -   ( beta: - 0.004, ETRmPot: 6.953 ) ";""
"2013-03-02";"13:41:15";"REG2";"";"#1: alpha: 0.229, ETRm: 8.217, Ek: 35.849 ";""
"2013-03-02";"13:41:16";"FO";"2820";"199";"649";"0";"0.693";"0.0"
"2013-03-02";"13:41:26";"F";"2821";"254";"606";"15";"0.581";"3.7"
"2013-03-02";"13:41:36";"F";"2822";"352";"556";"42";"0.367";"6.5"
"2013-03-02";"13:41:46";"F";"2823";"399";"504";"86";"0.208";"7.5"
"2013-03-02";"13:41:55";"F";"2824";"390";"447";"133";"0.128";"7.2"
"2013-03-02";"13:42:05";"F";"2825";"365";"404";"199";"0.097";"8.1"
"2013-03-02";"13:42:15";"F";"2826";"342";"368";"272";"0.071";"8.1"
"2013-03-02";"13:42:25";"F";"2827";"322";"339";"399";"0.050";"8.4"
"2013-03-02";"13:42:35";"F";"2828";"302";"316";"537";"0.044";"9.9"
"2013-03-02";"13:42:35";"SLCE";"";"Light Curve end ";""
"2013-03-02";"13:44:14";"SLCS";"";"Light Curve start ";""
"2013-03-02";"13:44:14";"REG1";"";"#1: alpha: - , ETRm: - , Ek: -   ( beta: - 0.005, ETRmPot: 15.139 ) ";""
"2013-03-02";"13:44:14";"REG2";"";"#1: alpha: 0.186, ETRm: 17.060, Ek: 91.943 ";""
"2013-03-02";"13:44:15";"FO";"2829";"175";"656";"0";"0.733";"0.0"
"2013-03-02";"13:44:25";"F";"2830";"252";"650";"15";"0.612";"3.9"
"2013-03-02";"13:44:35";"F";"2831";"337";"631";"42";"0.466";"8.2"
"2013-03-02";"13:44:45";"F";"2832";"396";"601";"86";"0.341";"12.3"
"2013-03-02";"13:44:55";"F";"2833";"426";"568";"133";"0.250";"14.0"
"2013-03-02";"13:45:05";"F";"2834";"433";"536";"199";"0.192";"16.0"
"2013-03-02";"13:45:14";"F";"2835";"424";"499";"272";"0.150";"17.1"
"2013-03-02";"13:45:24";"F";"2836";"412";"458";"399";"0.100";"16.8"
"2013-03-02";"13:45:34";"F";"2837";"391";"426";"537";"0.082";"18.5"
"2013-03-02";"13:45:34";"SLCE";"";"Light Curve end ";""
"2013-03-02";"16:46:42";"F";"2838";"0";"0";"0";"-";"-"
"2013-03-05";"11:48:03";"C";"";"MI=5;SI=8;SW=0.6;AI=3;AW=0:05;AF=1.00;G=7;D=1;EF=0.84;FO=26;CW=30:00;CI=2;LW=0:10;LI=1;ID=0:05;IW=0:10;DO0.0;DG1.00;LO=0;LG=0.80 ";""
"2013-03-05";"11:48:04";"F";"2840";"0";"3";"0";"-";"-"
"2013-03-05";"12:16:09";"C";"";"MI=5;SI=8;SW=0.6;AI=3;AW=0:05;AF=1.00;G=7;D=1;EF=0.84;FO=28;CW=30:00;CI=2;LW=0:10;LI=1;ID=0:05;IW=0:10;DO0.0;DG1.00;LO=0;LG=0.80 ";""
"2013-03-05";"12:16:09";"SLCS";"";"Light Curve start ";""
"2013-03-05";"12:16:09";"REG1";"";"#1: alpha: - , ETRm: - , Ek: -   ( beta: - 0.002, ETRmPot: 12.133 ) ";""
"2013-03-05";"12:16:09";"REG2";"";"#1: alpha: 0.204, ETRm: 12.581, Ek: 61.658 ";""
"2013-03-05";"12:16:10";"FO";"2842";"139";"529";"0";"0.737";"0.0"
"2013-03-05";"12:16:20";"F";"2843";"193";"495";"14";"0.610";"3.6"
"2013-03-05";"12:16:30";"F";"2844";"258";"465";"41";"0.445";"7.7"
"2013-03-05";"12:16:40";"F";"2845";"318";"448";"85";"0.290";"10.4"
"2013-03-05";"12:16:50";"F";"2846";"346";"432";"133";"0.199";"11.1"
"2013-03-05";"12:17:00";"F";"2847";"359";"422";"200";"0.149";"12.5"
"2013-03-05";"12:17:09";"F";"2848";"365";"412";"275";"0.114";"13.2"
"2013-03-05";"12:17:19";"F";"2849";"372";"403";"404";"0.077";"13.1"
"2013-03-05";"12:17:29";"F";"2850";"373";"395";"545";"0.056";"12.8"
"2013-03-05";"12:17:29";"SLCE";"";"Light Curve end ";""
"2013-03-05";"12:19:54";"C";"";"MI=5;SI=8;SW=0.6;AI=3;AW=0:05;AF=1.00;G=7;D=1;EF=0.84;FO=28;CW=30:00;CI=2;LW=0:10;LI=1;ID=0:05;IW=0:10;DO0.0;DG1.00;LO=0;LG=0.80 ";""
"2013-03-05";"12:19:54";"SLCS";"";"Light Curve start ";""
"2013-03-05";"12:19:54";"REG1";"";"#1: alpha: - , ETRm: - , Ek: -   ( beta: - 0.010, ETRmPot: 19.109 ) ";""
"2013-03-05";"12:19:54";"REG2";"";"#1: alpha: 0.156, ETRm: 23.995, Ek: 153.693 ";""
"2013-03-05";"12:19:55";"FO";"2852";"181";"562";"0";"0.678";"0.0"
"2013-03-05";"12:20:04";"F";"2853";"212";"546";"14";"0.612";"3.6"
"2013-03-05";"12:20:14";"F";"2854";"261";"517";"41";"0.495";"8.5"
"2013-03-05";"12:20:24";"F";"2855";"315";"493";"85";"0.361";"12.9"
"2013-03-05";"12:20:33";"F";"2856";"345";"482";"133";"0.284";"15.9"
"2013-03-05";"12:20:43";"F";"2857";"368";"476";"200";"0.227";"19.1"
"2013-03-05";"12:20:53";"F";"2858";"383";"473";"275";"0.190";"21.9"
"2013-03-05";"12:21:03";"F";"2859";"405";"472";"404";"0.142";"24.1"
"2013-03-05";"12:21:13";"F";"2860";"421";"473";"545";"0.110";"25.2"
"2013-03-05";"12:21:13";"SLCE";"";"Light Curve end ";""
"2013-03-05";"12:23:14";"C";"";"MI=5;SI=8;SW=0.6;AI=3;AW=0:05;AF=1.00;G=7;D=1;EF=0.84;FO=28;CW=30:00;CI=2;LW=0:10;LI=2;ID=0:05;IW=0:10;DO0.0;DG1.00;LO=0;LG=0.80 ";""
"2013-03-05";"12:23:14";"SLCS";"";"Light Curve start ";""
"2013-03-05";"12:23:14";"REG1";"";"#1: alpha: 0.397, ETRm: 28.105, Ek: 70.717   ( beta: 0.009, ETRmPot: 31.218 ) ";""
"2013-03-05";"12:23:14";"REG2";"";"#1: alpha: 0.322, ETRm: 26.973, Ek: 83.831 ";""
"2013-03-05";"12:23:15";"FO";"2862";"179";"694";"0";"0.742";"0.0"
"2013-03-05";"12:23:24";"F";"2863";"210";"692";"41";"0.697";"12.0"
"2013-03-05";"12:23:34";"F";"2864";"282";"692";"85";"0.592";"21.1"
"2013-03-05";"12:23:44";"F";"2865";"378";"669";"133";"0.435";"24.3"
"2013-03-05";"12:23:53";"F";"2866";"440";"647";"200";"0.320";"26.9"
"2013-03-05";"12:24:03";"F";"2867";"474";"624";"275";"0.240";"27.7"
"2013-03-05";"12:24:13";"F";"2868";"500";"598";"404";"0.164";"27.8"
"2013-03-05";"12:24:23";"F";"2869";"499";"568";"545";"0.121";"27.7"
"2013-03-05";"12:24:33";"F";"2870";"492";"530";"811";"0.072";"24.5"
"2013-03-05";"12:24:33";"SLCE";"";"Light Curve end ";""
"2013-03-05";"12:26:36";"C";"";"MI=5;SI=9;SW=0.6;AI=3;AW=0:05;AF=1.00;G=7;D=1;EF=0.84;FO=28;CW=30:00;CI=2;LW=0:10;LI=1;ID=0:05;IW=0:10;DO0.0;DG1.00;LO=0;LG=0.80 ";""
"2013-03-05";"12:26:36";"SLCS";"";"Light Curve start ";""
"2013-03-05";"12:26:36";"REG1";"";"#1: Error: First 3 ETR-Values are not increasing ";""
"2013-03-05";"12:26:36";"REG2";"";"#1: Error: First 3 ETR-Values are not increasing ";""
"2013-03-05";"12:26:37";"FO";"2872";"0";"19";"0";"-";"-"
"2013-03-05";"12:26:47";"F";"2873";"2";"3";"14";"-";"-"
"2013-03-05";"12:26:57";"F";"2874";"344";"739";"41";"0.535";"9.2"
"2013-03-05";"12:27:07";"F";"2875";"402";"708";"85";"0.432";"15.4"
"2013-03-05";"12:27:17";"F";"2876";"459";"677";"133";"0.322";"18.0"
"2013-03-05";"12:27:27";"F";"2877";"492";"653";"200";"0.247";"20.7"
"2013-03-05";"12:27:36";"F";"2878";"508";"625";"275";"0.187";"21.6"
"2013-03-05";"12:27:46";"F";"2879";"519";"598";"404";"0.132";"22.4"
"2013-03-05";"12:27:56";"F";"2880";"515";"570";"545";"0.096";"22.0"
"2013-03-05";"12:27:56";"SLCE";"";"Light Curve end ";""
"2013-03-05";"12:28:59";"C";"";"MI=5;SI=10;SW=0.6;AI=3;AW=0:05;AF=1.00;G=7;D=1;EF=0.84;FO=28;CW=30:00;CI=2;LW=0:10;LI=1;ID=0:05;IW=0:10;DO0.0;DG1.00;LO=0;LG=0.80 ";""
"2013-03-05";"12:28:59";"SLCS";"";"Light Curve start ";""
"2013-03-05";"12:28:59";"REG1";"";"#1: alpha: 0.336, ETRm: 22.467, Ek: 66.791   ( beta: 0.004, ETRmPot: 24.079 ) ";""
"2013-03-05";"12:28:59";"REG2";"";"#1: alpha: 0.264, ETRm: 22.064, Ek: 83.710 ";""
"2013-03-05";"12:29:00";"FO";"2882";"201";"643";"0";"0.687";"0.0"
"2013-03-05";"12:29:09";"F";"2883";"211";"648";"14";"0.674";"4.0"
"2013-03-05";"12:29:18";"F";"2884";"242";"646";"41";"0.625";"10.8"
"2013-03-05";"12:29:28";"F";"2885";"334";"626";"85";"0.466";"16.6"
"2013-03-05";"12:29:38";"F";"2886";"393";"601";"133";"0.346";"19.3"
"2013-03-05";"12:29:48";"F";"2887";"430";"582";"200";"0.261";"21.9"
"2013-03-05";"12:29:58";"F";"2888";"450";"560";"275";"0.196";"22.6"
"2013-03-05";"12:30:08";"F";"2889";"466";"537";"404";"0.132";"22.4"
"2013-03-05";"12:30:18";"F";"2890";"466";"515";"545";"0.095";"21.7"
"2013-03-05";"12:30:18";"SLCE";"";"Light Curve end ";""
"2013-03-05";"12:30:57";"C";"";"MI=5;SI=10;SW=0.6;AI=4;AW=0:05;AF=1.00;G=7;D=1;EF=0.84;FO=28;CW=30:00;CI=2;LW=0:10;LI=1;ID=0:05;IW=0:10;DO0.0;DG1.00;LO=0;LG=0.80 ";""
"2013-03-05";"12:30:57";"SLCS";"";"Light Curve start ";""
"2013-03-05";"12:30:57";"REG1";"";"#1: alpha: 0.372, ETRm: 24.259, Ek: 65.265   ( beta: 0.013, ETRmPot: 28.195 ) ";""
"2013-03-05";"12:30:57";"REG2";"";"#1: alpha: 0.304, ETRm: 23.410, Ek: 76.946 ";""
"2013-03-05";"12:30:58";"FO";"2892";"166";"524";"0";"0.683";"0.0"
"2013-03-05";"12:31:07";"F";"2893";"170";"521";"14";"0.674";"4.0"
"2013-03-05";"12:31:17";"F";"2894";"187";"539";"41";"0.653";"11.2"
"2013-03-05";"12:31:26";"F";"2895";"250";"536";"85";"0.534";"19.1"
"2013-03-05";"12:31:36";"F";"2896";"316";"516";"133";"0.388";"21.7"
"2013-03-05";"12:31:46";"F";"2897";"358";"500";"200";"0.284";"23.9"
"2013-03-05";"12:31:56";"F";"2898";"383";"486";"275";"0.212";"24.5"
"2013-03-05";"12:32:06";"F";"2899";"402";"464";"404";"0.134";"22.7"
"2013-03-05";"12:32:16";"F";"2900";"405";"449";"545";"0.098";"22.4"
"2013-03-05";"12:32:16";"SLCE";"";"Light Curve end ";""
"2013-03-05";"12:33:14";"C";"";"MI=6;SI=10;SW=0.6;AI=3;AW=0:05;AF=1.00;G=7;D=1;EF=0.84;FO=28;CW=30:00;CI=2;LW=0:10;LI=1;ID=0:05;IW=0:10;DO0.0;DG1.00;LO=0;LG=0.80 ";""
"2013-03-05";"12:33:14";"SLCS";"";"Light Curve start ";""
"2013-03-05";"12:33:14";"REG1";"";"#1: Error: Not enough measures for calculating the curve ";""
"2013-03-05";"12:33:14";"REG2";"";"#1: Error: Not enough measures for calculating the curve ";""
"2013-03-05";"12:33:15";"FO";"2902";"193";"578";"0";"0.666";"0.0"
"2013-03-05";"12:33:15";"SLCE";"";"Light Curve end ";""
"2013-03-05";"12:33:23";"SLCS";"";"Light Curve start ";""
"2013-03-05";"12:33:23";"REG1";"";"#1: Error: Not enough measures for calculating the curve ";""
"2013-03-05";"12:33:23";"REG2";"";"#1: Error: Not enough measures for calculating the curve ";""
"2013-03-05";"12:33:24";"FO";"2903";"189";"591";"0";"0.680";"0.0"
"2013-03-05";"12:33:24";"SLCE";"";"Light Curve end ";""
"2013-03-05";"12:34:12";"C";"";"MI=6;SI=10;SW=0.6;AI=3;AW=0:05;AF=1.00;G=7;D=1;EF=0.84;FO=31;CW=30:00;CI=2;LW=0:10;LI=1;ID=0:05;IW=0:10;DO0.0;DG1.00;LO=0;LG=0.80 ";""
"2013-03-05";"12:34:12";"SLCS";"";"Light Curve start ";""
"2013-03-05";"12:34:12";"REG1";"";"#1: alpha: 0.254, ETRm: 37.624, Ek: 148.307   ( beta: 0.014, ETRmPot: 46.565 ) ";""
"2013-03-05";"12:34:12";"REG2";"";"#1: alpha: 0.206, ETRm: 37.339, Ek: 181.614 ";""
"2013-03-05";"12:34:13";"FO";"2905";"183";"393";"0";"0.534";"0.0"
"2013-03-05";"12:34:22";"F";"2906";"196";"390";"14";"0.497";"2.9"
"2013-03-05";"12:34:32";"F";"2907";"199";"392";"41";"0.492";"8.5"
"2013-03-05";"12:34:42";"F";"2908";"208";"391";"85";"0.468";"16.7"
"2013-03-05";"12:34:52";"F";"2909";"226";"391";"133";"0.422";"23.6"
"2013-03-05";"12:35:02";"F";"2910";"252";"390";"200";"0.354";"29.7"
"2013-03-05";"12:35:11";"F";"2911";"276";"386";"275";"0.285";"32.9"
"2013-03-05";"12:35:21";"F";"2912";"300";"382";"404";"0.215";"36.5"
"2013-03-05";"12:35:31";"F";"2913";"314";"376";"545";"0.165";"37.8"
"2013-03-05";"12:35:31";"SLCE";"";"Light Curve end ";""
"2013-03-05";"12:35:38";"SLCS";"";"Light Curve start ";""
"2013-03-05";"12:35:38";"REG1";"";"#1: Error: Not enough measures for calculating the curve ";""
"2013-03-05";"12:35:38";"REG2";"";"#1: Error: Not enough measures for calculating the curve ";""
"2013-03-05";"12:35:39";"FO";"2914";"183";"369";"0";"0.504";"0.0"
"2013-03-05";"12:35:39";"SLCE";"";"Light Curve end ";""
"2013-03-05";"12:35:41";"SLCS";"";"Light Curve start ";""
"2013-03-05";"12:35:41";"REG1";"";"#1: Error: Not enough measures for calculating the curve ";""
"2013-03-05";"12:35:41";"REG2";"";"#1: Error: Not enough measures for calculating the curve ";""
"2013-03-05";"12:35:42";"FO";"2915";"196";"371";"0";"0.472";"0.0"
"2013-03-05";"12:35:42";"SLCE";"";"Light Curve end ";""
"2013-03-05";"12:36:06";"C";"";"MI=6;SI=10;SW=0.6;AI=3;AW=0:05;AF=1.00;G=7;D=1;EF=0.84;FO=31;CW=30:00;CI=2;LW=0:10;LI=2;ID=0:05;IW=0:10;DO0.0;DG1.00;LO=0;LG=0.80 ";""
"2013-03-05";"12:36:06";"SLCS";"";"Light Curve start ";""
"2013-03-05";"12:36:06";"REG1";"";"#1: alpha: 0.242, ETRm: 45.670, Ek: 188.670   ( beta: 0.013, ETRmPot: 56.698 ) ";""
"2013-03-05";"12:36:06";"REG2";"";"#1: alpha: 0.197, ETRm: 45.211, Ek: 229.621 ";""
"2013-03-05";"12:36:07";"FO";"2917";"180";"378";"0";"0.524";"0.0"
"2013-03-05";"12:36:16";"F";"2918";"200";"379";"41";"0.472";"8.1"
"2013-03-05";"12:36:26";"F";"2919";"206";"380";"85";"0.458";"16.4"
"2013-03-05";"12:36:36";"F";"2920";"219";"380";"133";"0.424";"23.7"
"2013-03-05";"12:36:46";"F";"2921";"235";"378";"200";"0.378";"31.8"
"2013-03-05";"12:36:56";"F";"2922";"255";"377";"275";"0.324";"37.4"
"2013-03-05";"12:37:06";"F";"2923";"281";"373";"404";"0.247";"41.9"
"2013-03-05";"12:37:16";"F";"2924";"298";"370";"545";"0.195";"44.6"
"2013-03-05";"12:37:25";"F";"2925";"317";"366";"811";"0.134";"45.6"
"2013-03-05";"12:37:25";"SLCE";"";"Light Curve end ";""
"2013-03-05";"12:37:54";"C";"";"MI=6;SI=10;SW=0.6;AI=3;AW=0:05;AF=1.00;G=7;D=1;EF=0.84;FO=31;CW=30:00;CI=2;LW=0:10;LI=4;ID=0:05;IW=0:10;DO0.0;DG1.00;LO=0;LG=0.80 ";""
"2013-03-05";"12:37:54";"SLCS";"";"Light Curve start ";""
"2013-03-05";"12:37:54";"REG1";"";"#1: alpha: 0.250, ETRm: 46.508, Ek: 186.094   ( beta: 0.013, ETRmPot: 56.966 ) ";""
"2013-03-05";"12:37:54";"REG2";"";"#1: alpha: 0.206, ETRm: 44.019, Ek: 213.920 ";""
"2013-03-05";"12:37:55";"FO";"2927";"180";"373";"0";"0.517";"0.0"
"2013-03-05";"12:38:04";"F";"2928";"216";"371";"133";"0.418";"23.3"
"2013-03-05";"12:38:14";"F";"2929";"228";"368";"200";"0.380";"31.9"
"2013-03-05";"12:38:23";"F";"2930";"246";"367";"275";"0.330";"38.1"
"2013-03-05";"12:38:33";"F";"2931";"272";"367";"404";"0.259";"43.9"
"2013-03-05";"12:38:43";"F";"2932";"289";"362";"545";"0.202";"46.2"
"2013-03-05";"12:38:53";"F";"2933";"308";"355";"811";"0.132";"45.0"
"2013-03-05";"12:39:03";"F";"2934";"318";"349";"1175";"0.089";"43.9"
"2013-03-05";"12:39:13";"F";"2935";"324";"343";"1698";"0.055";"39.2"
"2013-03-05";"12:39:13";"SLCE";"";"Light Curve end ";""
"2013-03-05";"12:39:55";"C";"";"MI=6;SI=10;SW=0.6;AI=3;AW=0:05;AF=1.00;G=7;D=1;EF=0.84;FO=31;CW=30:00;CI=2;LW=0:10;LI=3;ID=0:05;IW=0:10;DO0.0;DG1.00;LO=0;LG=0.80 ";""
"2013-03-05";"12:39:55";"SLCS";"";"Light Curve start ";""
"2013-03-05";"12:39:55";"REG1";"";"#1: alpha: 0.127, ETRm: 13.498, Ek: 106.472   ( beta: 0.003, ETRmPot: 15.175 ) ";""
"2013-03-05";"12:39:55";"REG2";"";"#1: alpha: 0.106, ETRm: 12.835, Ek: 120.790 ";""
"2013-03-05";"12:39:56";"FO";"2937";"264";"733";"0";"0.640";"0.0"
"2013-03-05";"12:40:05";"F";"2938";"540";"718";"85";"0.248";"8.9"
"2013-03-05";"12:40:14";"F";"2939";"562";"679";"133";"0.172";"9.6"
"2013-03-05";"12:40:24";"F";"2940";"566";"651";"200";"0.131";"11.0"
"2013-03-05";"12:40:34";"F";"2941";"567";"634";"275";"0.106";"12.2"
"2013-03-05";"12:40:44";"F";"2942";"575";"626";"404";"0.081";"13.7"
"2013-03-05";"12:40:54";"F";"2943";"582";"620";"545";"0.061";"14.0"
"2013-03-05";"12:41:03";"F";"2944";"592";"616";"811";"0.039";"13.3"
"2013-03-05";"12:41:13";"F";"2945";"598";"612";"1175";"0.023";"11.4"
"2013-03-05";"12:41:13";"SLCE";"";"Light Curve end ";""
"2013-03-05";"12:43:50";"SLCS";"";"Light Curve start ";""
"2013-03-05";"12:43:50";"REG1";"";"#1: Error: First 3 ETR-Values are not increasing ";""
"2013-03-05";"12:43:50";"REG2";"";"#1: Error: First 3 ETR-Values are not increasing ";""
"2013-03-05";"12:43:51";"FO";"2946";"175";"660";"0";"0.735";"0.0"
"2013-03-05";"12:43:59";"F";"2947";"499";"603";"85";"0.172";"6.1"
"2013-03-05";"12:44:09";"F";"2948";"498";"556";"133";"0.104";"5.8"
"2013-03-05";"12:44:19";"F";"2949";"495";"534";"200";"0.073";"6.1"
"2013-03-05";"12:44:29";"F";"2950";"494";"523";"275";"0.055";"6.4"
"2013-03-05";"12:44:39";"F";"2951";"500";"519";"404";"0.037";"6.3"
"2013-03-05";"12:44:48";"F";"2952";"224";"51";"545";"-";"-"
"2013-03-05";"12:44:48";"SLCE";"";"Light Curve end ";""
"2013-03-05";"12:45:10";"SLCS";"";"Light Curve start ";""
"2013-03-05";"12:45:10";"REG1";"";"#1: Error: First 3 ETR-Values are not increasing ";""
"2013-03-05";"12:45:10";"REG2";"";"#1: Error: First 3 ETR-Values are not increasing ";""
"2013-03-05";"12:45:11";"FO";"2953";"190";"874";"0";"0.783";"0.0"
"2013-03-05";"12:45:20";"F";"2954";"562";"863";"85";"0.349";"12.5"
"2013-03-05";"12:45:29";"F";"2955";"660";"839";"133";"0.213";"11.9"
"2013-03-05";"12:45:39";"F";"2956";"691";"819";"200";"0.156";"13.1"
"2013-03-05";"12:45:49";"F";"2957";"700";"802";"275";"0.127";"14.7"
"2013-03-05";"12:45:59";"F";"2958";"707";"776";"404";"0.089";"15.1"
"2013-03-05";"12:46:09";"F";"2959";"701";"753";"545";"0.069";"15.8"
"2013-03-05";"12:46:18";"F";"2960";"694";"726";"811";"0.044";"15.0"
"2013-03-05";"12:46:28";"F";"2961";"679";"700";"1175";"0.030";"14.8"
"2013-03-05";"12:46:28";"SLCE";"";"Light Curve end ";""
"2013-03-05";"12:47:47";"SLCS";"";"Light Curve start ";""
"2013-03-05";"12:47:47";"REG1";"";"#1: Error: First 3 ETR-Values are not increasing ";""
"2013-03-05";"12:47:47";"REG2";"";"#1: Error: First 3 ETR-Values are not increasing ";""
"2013-03-05";"12:47:48";"FO";"2962";"193";"709";"0";"0.728";"0.0"
"2013-03-05";"12:47:57";"F";"2963";"517";"657";"85";"0.213";"7.6"
"2013-03-05";"12:48:07";"F";"2964";"549";"622";"133";"0.117";"6.5"
"2013-03-05";"12:48:17";"F";"2965";"553";"606";"200";"0.087";"7.3"
"2013-03-05";"12:48:27";"F";"2966";"553";"593";"275";"0.067";"7.7"
"2013-03-05";"12:48:36";"F";"2967";"555";"584";"404";"0.050";"8.5"
"2013-03-05";"12:48:46";"F";"2968";"553";"572";"545";"0.033";"7.6"
"2013-03-05";"12:48:56";"F";"2969";"550";"562";"811";"0.021";"7.2"
"2013-03-05";"12:49:06";"F";"2970";"544";"552";"1175";"0.014";"6.9"
"2013-03-05";"12:49:06";"SLCE";"";"Light Curve end ";""
"2013-03-05";"12:50:38";"C";"";"MI=6;SI=10;SW=0.6;AI=3;AW=0:05;AF=1.00;G=7;D=1;EF=0.84;FO=31;CW=30:00;CI=2;LW=0:10;LI=2;ID=0:05;IW=0:10;DO0.0;DG1.00;LO=0;LG=0.80 ";""
"2013-03-05";"12:50:38";"SLCS";"";"Light Curve start ";""
"2013-03-05";"12:50:38";"REG1";"";"#1: alpha: 0.237, ETRm: 7.510, Ek: 31.692   ( beta: 0.002, ETRmPot: 7.853 ) ";""
"2013-03-05";"12:50:38";"REG2";"";"#1: alpha: 0.184, ETRm: 7.170, Ek: 38.992 ";""
"2013-03-05";"12:50:39";"FO";"2972";"187";"552";"0";"0.661";"0.0"
"2013-03-05";"12:50:48";"F";"2973";"350";"518";"41";"0.324";"5.6"
"2013-03-05";"12:50:58";"F";"2974";"386";"480";"85";"0.196";"7.0"
"2013-03-05";"12:51:08";"F";"2975";"398";"458";"133";"0.131";"7.3"
"2013-03-05";"12:51:17";"F";"2976";"404";"446";"200";"0.094";"7.9"
"2013-03-05";"12:51:27";"F";"2977";"408";"437";"275";"0.066";"7.6"
"2013-03-05";"12:51:37";"F";"2978";"413";"432";"404";"0.044";"7.5"
"2013-03-05";"12:51:47";"F";"2979";"415";"425";"545";"0.024";"5.5"
"2013-03-05";"12:51:57";"F";"2980";"412";"421";"811";"0.021";"7.2"
"2013-03-05";"12:51:57";"SLCE";"";"Light Curve end ";""
"2013-03-05";"12:52:29";"SLCS";"";"Light Curve start ";""
"2013-03-05";"12:52:30";"FO";"2981";"6";"9";"0";"-";"-"
"2013-03-05";"12:52:30";"SLCE";"";"Light Curve end ";""
"2013-03-05";"12:52:50";"SLCS";"";"Light Curve start ";""
"2013-03-05";"12:52:50";"REG1";"";"#1: alpha: - , ETRm: - , Ek: -   ( beta: - 0.004, ETRmPot: 16.142 ) ";""
"2013-03-05";"12:52:50";"REG2";"";"#1: alpha: 0.219, ETRm: 17.722, Ek: 80.818 ";""
"2013-03-05";"12:52:51";"FO";"2982";"249";"1033";"0";"0.759";"0.0"
"2013-03-05";"12:53:00";"F";"2983";"432";"1027";"41";"0.579";"10.0"
"2013-03-05";"12:53:09";"F";"2984";"610";"983";"85";"0.379";"13.5"
"2013-03-05";"12:53:19";"F";"2985";"695";"939";"133";"0.260";"14.5"
"2013-03-05";"12:53:29";"F";"2986";"721";"895";"200";"0.194";"16.3"
"2013-03-05";"12:53:39";"F";"2987";"714";"842";"275";"0.152";"17.6"
"2013-03-05";"12:53:49";"F";"2988";"705";"789";"404";"0.106";"18.0"
"2013-03-05";"12:53:58";"F";"2989";"677";"738";"545";"0.083";"19.0"
"2013-03-05";"12:54:08";"F";"2990";"649";"687";"811";"0.055";"18.7"
"2013-03-05";"12:54:08";"SLCE";"";"Light Curve end ";""
"2013-03-05";"12:55:28";"C";"";"MI=6;SI=10;SW=0.6;AI=3;AW=0:05;AF=1.00;G=7;D=1;EF=0.84;FO=31;CW=30:00;CI=2;LW=0:10;LI=3;ID=0:05;IW=0:10;DO0.0;DG1.00;LO=0;LG=0.80 ";""
"2013-03-05";"12:55:28";"SLCS";"";"Light Curve start ";""
"2013-03-05";"12:55:28";"REG1";"";"#1: alpha: 0.146, ETRm: 13.862, Ek: 95.216   ( beta: 0.002, ETRmPot: 14.764 ) ";""
"2013-03-05";"12:55:28";"REG2";"";"#1: alpha: 0.113, ETRm: 13.475, Ek: 119.515 ";""
"2013-03-05";"12:55:29";"FO";"2992";"260";"932";"0";"0.721";"0.0"
"2013-03-05";"12:55:38";"F";"2993";"668";"899";"85";"0.257";"9.2"
"2013-03-05";"12:55:48";"F";"2994";"705";"859";"133";"0.179";"10.0"
"2013-03-05";"12:55:58";"F";"2995";"714";"834";"200";"0.144";"12.1"
"2013-03-05";"12:56:08";"F";"2996";"715";"807";"275";"0.114";"13.2"
"2013-03-05";"12:56:18";"F";"2997";"716";"779";"404";"0.081";"13.7"
"2013-03-05";"12:56:27";"F";"2998";"703";"751";"545";"0.064";"14.6"
"2013-03-05";"12:56:37";"F";"2999";"689";"717";"811";"0.039";"13.3"
"2013-03-05";"12:56:47";"F";"3000";"668";"686";"1175";"0.026";"12.8"
"2013-03-05";"12:56:47";"SLCE";"";"Light Curve end ";""
"2013-03-05";"12:59:10";"SLCS";"";"Light Curve start ";""
"2013-03-05";"12:59:10";"REG1";"";"#1: Error: First 3 ETR-Values are not increasing ";""
"2013-03-05";"12:59:10";"REG2";"";"#1: Error: First 3 ETR-Values are not increasing ";""
"2013-03-05";"12:59:11";"FO";"3001";"151";"688";"0";"0.781";"0.0"
"2013-03-05";"12:59:20";"F";"3002";"514";"671";"85";"0.234";"8.4"
"2013-03-05";"12:59:30";"F";"3003";"548";"642";"133";"0.146";"8.2"
"2013-03-05";"12:59:40";"F";"3004";"562";"619";"200";"0.092";"7.7"
"2013-03-05";"12:59:50";"F";"3005";"565";"606";"275";"0.068";"7.9"
"2013-03-05";"12:59:59";"F";"3006";"572";"594";"404";"0.037";"6.3"
"2013-03-05";"13:00:09";"F";"3007";"569";"582";"545";"0.022";"5.0"
"2013-03-05";"13:00:19";"F";"3008";"567";"572";"811";"0.009";"3.1"
"2013-03-05";"13:00:29";"F";"3009";"558";"557";"1175";"-";"-"
"2013-03-05";"13:00:29";"SLCE";"";"Light Curve end ";""
"2013-03-05";"13:02:11";"C";"";"MI=6;SI=10;SW=0.6;AI=3;AW=0:05;AF=1.00;G=7;D=1;EF=0.84;FO=31;CW=30:00;CI=2;LW=0:10;LI=2;ID=0:05;IW=0:10;DO0.0;DG1.00;LO=0;LG=0.80 ";""
"2013-03-05";"13:02:11";"SLCS";"";"Light Curve start ";""
"2013-03-05";"13:02:11";"REG1";"";"#1: alpha: - , ETRm: - , Ek: -   ( beta: - 0.003, ETRmPot: 19.185 ) ";""
"2013-03-05";"13:02:11";"REG2";"";"#1: alpha: 0.198, ETRm: 20.573, Ek: 103.675 ";""
"2013-03-05";"13:02:12";"FO";"3011";"212";"522";"0";"0.594";"0.0"
"2013-03-05";"13:02:21";"F";"3012";"235";"515";"41";"0.544";"9.4"
"2013-03-05";"13:02:31";"F";"3013";"288";"487";"85";"0.409";"14.6"
"2013-03-05";"13:02:41";"F";"3014";"331";"463";"133";"0.285";"15.9"
"2013-03-05";"13:02:51";"F";"3015";"349";"444";"200";"0.214";"18.0"
"2013-03-05";"13:03:01";"F";"3016";"352";"425";"275";"0.172";"19.9"
"2013-03-05";"13:03:11";"F";"3017";"354";"403";"404";"0.122";"20.7"
"2013-03-05";"13:03:21";"F";"3018";"350";"388";"545";"0.098";"22.4"
"2013-03-05";"13:03:30";"F";"3019";"347";"370";"811";"0.062";"21.1"
"2013-03-05";"13:03:30";"SLCE";"";"Light Curve end ";""
"2013-03-05";"13:07:38";"SLCS";"";"Light Curve start ";""
"2013-03-05";"13:07:38";"REG1";"";"#1: alpha: - , ETRm: - , Ek: -   ( beta: 0.000, ETRmPot: 15.312 ) ";""
"2013-03-05";"13:07:38";"REG2";"";"#1: alpha: 0.256, ETRm: 15.201, Ek: 59.318 ";""
"2013-03-05";"13:07:39";"FO";"3020";"183";"844";"0";"0.783";"0.0"
"2013-03-05";"13:07:49";"F";"3021";"358";"842";"41";"0.575";"9.9"
"2013-03-05";"13:07:59";"F";"3022";"527";"821";"85";"0.358";"12.8"
"2013-03-05";"13:08:09";"F";"3023";"606";"801";"133";"0.243";"13.6"
"2013-03-05";"13:08:19";"F";"3024";"644";"781";"200";"0.175";"14.7"
"2013-03-05";"13:08:28";"F";"3025";"662";"768";"275";"0.138";"15.9"
"2013-03-05";"13:08:38";"F";"3026";"684";"755";"404";"0.094";"15.9"
"2013-03-05";"13:08:48";"F";"3027";"690";"743";"545";"0.071";"16.3"
"2013-03-05";"13:08:58";"F";"3028";"697";"728";"811";"0.043";"14.6"
"2013-03-05";"13:08:58";"SLCE";"";"Light Curve end ";""
"2013-03-05";"13:09:48";"SLCS";"";"Light Curve start ";""
"2013-03-05";"13:09:48";"REG1";"";"#1: alpha: 0.166, ETRm: 6.562, Ek: 39.456   ( beta: 0.003, ETRmPot: 7.126 ) ";""
"2013-03-05";"13:09:48";"REG2";"";"#1: alpha: 0.149, ETRm: 6.080, Ek: 40.916 ";""
"2013-03-05";"13:09:49";"FO";"3029";"244";"599";"0";"0.593";"0.0"
"2013-03-05";"13:09:58";"F";"3030";"405";"557";"41";"0.273";"4.7"
"2013-03-05";"13:10:07";"F";"3031";"430";"512";"85";"0.160";"5.7"
"2013-03-05";"13:10:17";"F";"3032";"443";"495";"133";"0.105";"5.9"
"2013-03-05";"13:10:27";"F";"3033";"450";"488";"200";"0.078";"6.6"
"2013-03-05";"13:10:37";"F";"3034";"455";"484";"275";"0.060";"6.9"
"2013-03-05";"13:10:47";"F";"3035";"461";"479";"404";"0.038";"6.4"
"2013-03-05";"13:10:57";"F";"3036";"463";"475";"545";"0.025";"5.7"
"2013-03-05";"13:11:06";"F";"3037";"463";"470";"811";"0.015";"5.1"
"2013-03-05";"13:11:06";"SLCE";"";"Light Curve end ";""
"2013-03-05";"13:12:46";"SLCS";"";"Light Curve start ";""
"2013-03-05";"13:12:46";"REG1";"";"#1: alpha: - , ETRm: - , Ek: -   ( beta: - 0.003, ETRmPot: 8.754 ) ";""
"2013-03-05";"13:12:46";"REG2";"";"#1: alpha: 0.159, ETRm: 9.875, Ek: 61.971 ";""
"2013-03-05";"13:12:47";"FO";"3038";"188";"721";"0";"0.739";"0.0"
"2013-03-05";"13:12:56";"F";"3039";"429";"696";"41";"0.384";"6.6"
"2013-03-05";"13:13:06";"F";"3040";"517";"665";"85";"0.223";"8.0"
"2013-03-05";"13:13:16";"F";"3041";"547";"642";"133";"0.148";"8.3"
"2013-03-05";"13:13:26";"F";"3042";"561";"626";"200";"0.104";"8.7"
"2013-03-05";"13:13:36";"F";"3043";"566";"619";"275";"0.086";"9.9"
"2013-03-05";"13:13:45";"F";"3044";"575";"612";"404";"0.060";"10.2"
"2013-03-05";"13:13:55";"F";"3045";"576";"607";"545";"0.051";"11.7"
"2013-03-05";"13:14:05";"F";"3046";"579";"597";"811";"0.030";"10.2"
"2013-03-05";"13:14:05";"SLCE";"";"Light Curve end ";""
"2013-03-05";"13:14:31";"C";"";"MI=6;SI=10;SW=0.6;AI=3;AW=0:05;AF=1.00;G=7;D=1;EF=0.84;FO=31;CW=30:00;CI=2;LW=0:10;LI=3;ID=0:05;IW=0:10;DO0.0;DG1.00;LO=0;LG=0.80 ";""
"2013-03-05";"13:14:31";"SLCS";"";"Light Curve start ";""
"2013-03-05";"13:14:31";"REG1";"";"#1: alpha: 0.281, ETRm: 20.285, Ek: 72.113   ( beta: 0.008, ETRmPot: 22.964 ) ";""
"2013-03-05";"13:14:31";"REG2";"";"#1: alpha: 0.244, ETRm: 18.691, Ek: 76.653 ";""
"2013-03-05";"13:14:32";"FO";"3048";"217";"643";"0";"0.663";"0.0"
"2013-03-05";"13:14:40";"F";"3049";"365";"633";"85";"0.423";"15.1"
"2013-03-05";"13:14:50";"F";"3050";"429";"619";"133";"0.307";"17.1"
"2013-03-05";"13:15:00";"F";"3051";"471";"612";"200";"0.230";"19.3"
"2013-03-05";"13:15:10";"F";"3052";"501";"607";"275";"0.175";"20.2"
"2013-03-05";"13:15:20";"F";"3053";"532";"605";"404";"0.121";"20.5"
"2013-03-05";"13:15:30";"F";"3054";"550";"601";"545";"0.085";"19.5"
"2013-03-05";"13:15:40";"F";"3055";"568";"598";"811";"0.050";"17.0"
"2013-03-05";"13:15:50";"F";"3056";"573";"592";"1175";"0.032";"15.8"
"2013-03-05";"13:15:50";"SLCE";"";"Light Curve end ";""
"2013-03-05";"13:16:56";"SLCS";"";"Light Curve start ";""
"2013-03-05";"13:16:57";"FO";"3057";"0";"1";"0";"-";"-"
"2013-03-05";"13:16:57";"SLCE";"";"Light Curve end ";""
"2013-03-05";"13:17:11";"SLCS";"";"Light Curve start ";""
"2013-03-05";"13:17:11";"REG1";"";"#1: alpha: - , ETRm: - , Ek: -   ( beta: - 0.002, ETRmPot: 11.712 ) ";""
"2013-03-05";"13:17:11";"REG2";"";"#1: alpha: 0.082, ETRm: 13.609, Ek: 165.779 ";""
"2013-03-05";"13:17:12";"FO";"3058";"206";"665";"0";"0.690";"0.0"
"2013-03-05";"13:17:22";"F";"3059";"492";"633";"85";"0.223";"8.0"
"2013-03-05";"13:17:32";"F";"3060";"502";"601";"133";"0.165";"9.2"
"2013-03-05";"13:17:42";"F";"3061";"507";"576";"200";"0.120";"10.1"
"2013-03-05";"13:17:52";"F";"3062";"508";"565";"275";"0.101";"11.7"
"2013-03-05";"13:18:02";"F";"3063";"516";"559";"404";"0.077";"13.1"
"2013-03-05";"13:18:12";"F";"3064";"520";"554";"545";"0.061";"14.0"
"2013-03-05";"13:18:21";"F";"3065";"527";"548";"811";"0.038";"12.9"
"2013-03-05";"13:18:31";"F";"3066";"530";"547";"1175";"0.031";"15.3"
"2013-03-05";"13:18:31";"SLCE";"";"Light Curve end ";""
"2013-03-05";"13:18:53";"C";"";"MI=6;SI=10;SW=0.6;AI=3;AW=0:05;AF=1.00;G=7;D=1;EF=0.84;FO=31;CW=30:00;CI=2;LW=0:10;LI=4;ID=0:05;IW=0:10;DO0.0;DG1.00;LO=0;LG=0.80 ";""
"2013-03-05";"13:18:53";"SLCS";"";"Light Curve start ";""
"2013-03-05";"13:18:53";"REG1";"";"#1: alpha: 0.154, ETRm: 21.599, Ek: 140.573   ( beta: 0.016, ETRmPot: 30.439 ) ";""
"2013-03-05";"13:18:53";"REG2";"";"#1: alpha: 0.142, ETRm: 19.768, Ek: 139.607 ";""
"2013-03-05";"13:18:54";"FO";"3068";"224";"574";"0";"0.610";"0.0"
"2013-03-05";"13:19:03";"F";"3069";"420";"567";"133";"0.259";"14.5"
"2013-03-05";"13:19:13";"F";"3070";"440";"554";"200";"0.206";"17.3"
"2013-03-05";"13:19:23";"F";"3071";"456";"551";"275";"0.172";"19.9"
"2013-03-05";"13:19:32";"F";"3072";"481";"546";"404";"0.119";"20.2"
"2013-03-05";"13:19:42";"F";"3073";"495";"547";"545";"0.095";"21.7"
"2013-03-05";"13:19:52";"F";"3074";"511";"544";"811";"0.061";"20.8"
"2013-03-05";"13:20:02";"F";"3075";"521";"538";"1175";"0.032";"15.8"
"2013-03-05";"13:20:12";"F";"3076";"0";"2";"1698";"-";"-"
"2013-03-05";"13:20:12";"SLCE";"";"Light Curve end ";""
"2013-03-05";"13:20:29";"SLCS";"";"Light Curve start ";""
"2013-03-05";"13:20:29";"REG1";"";"#1: Error: First 3 ETR-Values are not increasing ";""
"2013-03-05";"13:20:29";"REG2";"";"#1: Error: First 3 ETR-Values are not increasing ";""
"2013-03-05";"13:20:30";"FO";"3077";"187";"720";"0";"0.740";"0.0"
"2013-03-05";"13:20:39";"F";"3078";"487";"722";"133";"0.325";"18.2"
"2013-03-05";"13:20:49";"F";"3079";"563";"711";"200";"0.208";"17.5"
"2013-03-05";"13:20:59";"F";"3080";"597";"692";"275";"0.137";"15.8"
"2013-03-05";"13:21:09";"F";"3081";"612";"673";"404";"0.091";"15.4"
"2013-03-05";"13:21:19";"F";"3082";"603";"644";"545";"0.064";"14.6"
"2013-03-05";"13:21:29";"F";"3083";"593";"616";"811";"0.037";"12.6"
"2013-03-05";"13:21:38";"F";"3084";"573";"586";"1175";"0.022";"10.9"
"2013-03-05";"13:21:48";"F";"3085";"549";"554";"1698";"0.009";"6.4"
"2013-03-05";"13:21:48";"SLCE";"";"Light Curve end ";""
"2013-03-06";"11:00:35";"C";"";"MI=6;SI=10;SW=0.6;AI=3;AW=0:05;AF=1.00;G=7;D=1;EF=0.84;FO=28;CW=30:00;CI=2;LW=0:10;LI=4;ID=0:05;IW=0:10;DO0.0;DG1.00;LO=0;LG=0.80 ";""
"2013-03-06";"11:00:35";"SLCS";"";"Light Curve start ";""
"2013-03-06";"11:00:35";"REG1";"";"#1: Error: First 3 ETR-Values are not increasing ";""
"2013-03-06";"11:00:35";"REG2";"";"#1: Error: First 3 ETR-Values are not increasing ";""
"2013-03-06";"11:00:36";"FO";"3087";"210";"705";"0";"0.702";"0.0"
"2013-03-06";"11:00:46";"F";"3088";"593";"668";"145";"0.112";"6.8"
"2013-03-06";"11:00:56";"F";"3089";"586";"633";"216";"0.074";"6.7"
"2013-03-06";"11:01:06";"F";"3090";"577";"613";"296";"0.059";"7.3"
"2013-03-06";"11:01:15";"F";"3091";"574";"594";"433";"0.034";"6.2"
"2013-03-06";"11:01:25";"F";"3092";"564";"575";"582";"0.019";"4.6"
"2013-03-06";"11:01:35";"F";"3093";"557";"561";"864";"0.007";"2.5"
"2013-03-06";"11:01:45";"F";"3094";"542";"542";"1241";"0.000";"0.0"
"2013-03-06";"11:01:55";"F";"3095";"862";"884";"1793";"0.025";"18.8"
"2013-03-06";"11:01:55";"SLCE";"";"Light Curve end ";""
"2013-03-06";"11:02:17";"SLCS";"";"Light Curve start ";""
"2013-03-06";"11:02:17";"REG1";"";"#1: Error: First 3 ETR-Values are not increasing ";""
"2013-03-06";"11:02:17";"REG2";"";"#1: Error: First 3 ETR-Values are not increasing ";""
"2013-03-06";"11:02:18";"FO";"3096";"302";"861";"0";"0.649";"0.0"
"2013-03-06";"11:02:27";"F";"3097";"779";"851";"145";"0.085";"5.2"
"2013-03-06";"11:02:37";"F";"3098";"790";"832";"216";"0.050";"4.5"
"2013-03-06";"11:02:47";"F";"3099";"786";"818";"296";"0.039";"4.8"
"2013-03-06";"11:02:57";"F";"3100";"786";"803";"433";"0.021";"3.8"
"2013-03-06";"11:03:07";"F";"3101";"780";"792";"582";"0.015";"3.7"
"2013-03-06";"11:03:17";"F";"3102";"777";"780";"864";"0.004";"1.5"
"2013-03-06";"11:03:26";"F";"3103";"771";"771";"1241";"0.000";"0.0"
"2013-03-06";"11:03:36";"F";"3104";"757";"756";"1793";"-";"-"
"2013-03-06";"11:03:36";"SLCE";"";"Light Curve end ";""
"2013-03-06";"11:05:39";"C";"";"MI=6;SI=10;SW=0.6;AI=3;AW=0:05;AF=1.00;G=7;D=1;EF=0.84;FO=28;CW=30:00;CI=2;LW=0:10;LI=3;ID=0:05;IW=0:10;DO0.0;DG1.00;LO=0;LG=0.80 ";""
"2013-03-06";"11:05:39";"SLCS";"";"Light Curve start ";""
"2013-03-06";"11:05:39";"REG1";"";"#1: Error: First 3 ETR-Values are not increasing ";""
"2013-03-06";"11:05:39";"REG2";"";"#1: Error: First 3 ETR-Values are not increasing ";""
"2013-03-06";"11:05:40";"FO";"3106";"290";"786";"0";"0.631";"0.0"
"2013-03-06";"11:05:49";"F";"3107";"624";"739";"94";"0.156";"6.2"
"2013-03-06";"11:05:59";"F";"3108";"617";"687";"145";"0.102";"6.2"
"2013-03-06";"11:06:09";"F";"3109";"608";"656";"216";"0.073";"6.6"
"2013-03-06";"11:06:18";"F";"3110";"605";"641";"296";"0.056";"7.0"
"2013-03-06";"11:06:28";"F";"3111";"605";"632";"433";"0.043";"7.8"
"2013-03-06";"11:06:38";"F";"3112";"602";"619";"582";"0.027";"6.6"
"2013-03-06";"11:06:48";"F";"3113";"601";"612";"864";"0.018";"6.5"
"2013-03-06";"11:06:58";"F";"3114";"594";"599";"1241";"0.008";"4.2"
"2013-03-06";"11:06:58";"SLCE";"";"Light Curve end ";""
"2013-03-06";"11:08:02";"SLCS";"";"Light Curve start ";""
"2013-03-06";"11:08:02";"REG1";"";"#1: Error: First 3 ETR-Values are not increasing ";""
"2013-03-06";"11:08:02";"REG2";"";"#1: Error: First 3 ETR-Values are not increasing ";""
"2013-03-06";"11:08:03";"FO";"3115";"150";"633";"0";"0.763";"0.0"
"2013-03-06";"11:08:13";"F";"3116";"454";"629";"94";"0.278";"11.0"
"2013-03-06";"11:08:23";"F";"3117";"509";"609";"145";"0.164";"10.0"
"2013-03-06";"11:08:33";"F";"3118";"526";"593";"216";"0.113";"10.3"
"2013-03-06";"11:08:43";"F";"3119";"531";"576";"296";"0.078";"9.7"
"2013-03-06";"11:08:52";"F";"3120";"530";"562";"433";"0.057";"10.4"
"2013-03-06";"11:09:02";"F";"3121";"521";"541";"582";"0.037";"9.0"
"2013-03-06";"11:09:12";"F";"3122";"509";"518";"864";"0.017";"6.2"
"2013-03-06";"11:09:22";"F";"3123";"492";"494";"1241";"0.004";"2.1"
"2013-03-06";"11:09:22";"SLCE";"";"Light Curve end ";""
"2013-03-06";"11:11:49";"SLCS";"";"Light Curve start ";""
"2013-03-06";"11:11:49";"REG1";"";"#1: alpha: 0.245, ETRm: 15.891, Ek: 64.775   ( beta: 0.006, ETRmPot: 17.746 ) ";""
"2013-03-06";"11:11:49";"REG2";"";"#1: alpha: 0.231, ETRm: 14.513, Ek: 62.844 ";""
"2013-03-06";"11:11:50";"FO";"3124";"167";"600";"0";"0.722";"0.0"
"2013-03-06";"11:11:59";"F";"3125";"361";"543";"94";"0.335";"13.2"
"2013-03-06";"11:12:09";"F";"3126";"394";"509";"145";"0.226";"13.8"
"2013-03-06";"11:12:19";"F";"3127";"409";"494";"216";"0.172";"15.6"
"2013-03-06";"11:12:29";"F";"3128";"416";"477";"296";"0.128";"15.9"
"2013-03-06";"11:12:39";"F";"3129";"423";"464";"433";"0.088";"16.0"
"2013-03-06";"11:12:48";"F";"3130";"421";"447";"582";"0.058";"14.2"
"2013-03-06";"11:12:58";"F";"3131";"415";"432";"864";"0.039";"14.2"
"2013-03-06";"11:13:08";"F";"3132";"406";"415";"1241";"0.022";"11.5"
"2013-03-06";"11:13:08";"SLCE";"";"Light Curve end ";""
"2013-03-06";"11:14:04";"SLCS";"";"Light Curve start ";""
"2013-03-06";"11:14:04";"REG1";"";"#1: Error: First 3 ETR-Values are not increasing ";""
"2013-03-06";"11:14:04";"REG2";"";"#1: Error: First 3 ETR-Values are not increasing ";""
"2013-03-06";"11:14:05";"FO";"3133";"184";"513";"0";"0.641";"0.0"
"2013-03-06";"11:14:14";"F";"3134";"373";"478";"94";"0.220";"8.7"
"2013-03-06";"11:14:23";"F";"3135";"390";"453";"145";"0.139";"8.5"
"2013-03-06";"11:14:33";"F";"3136";"399";"441";"216";"0.095";"8.6"
"2013-03-06";"11:14:43";"F";"3137";"400";"433";"296";"0.076";"9.4"
"2013-03-06";"11:14:53";"F";"3138";"401";"424";"433";"0.054";"9.8"
"2013-03-06";"11:15:03";"F";"3139";"396";"413";"582";"0.041";"10.0"
"2013-03-06";"11:15:13";"F";"3140";"393";"405";"864";"0.030";"10.9"
"2013-03-06";"11:15:23";"F";"3141";"390";"394";"1241";"0.010";"5.2"
"2013-03-06";"11:15:23";"SLCE";"";"Light Curve end ";""
"2013-03-06";"11:17:20";"SLCS";"";"Light Curve start ";""
"2013-03-06";"11:17:20";"REG1";"";"#1: Error: Not enough measures for calculating the curve ";""
"2013-03-06";"11:17:20";"REG2";"";"#1: Error: Not enough measures for calculating the curve ";""
"2013-03-06";"11:17:21";"FO";"3142";"198";"537";"0";"0.631";"0.0"
"2013-03-06";"11:17:31";"F";"3143";"361";"485";"94";"0.256";"10.1"
"2013-03-06";"11:17:31";"SLCE";"";"Light Curve end ";""
"2013-03-06";"11:17:44";"SLCS";"";"Light Curve start ";""
"2013-03-06";"11:17:44";"REG1";"";"#1: alpha: 0.212, ETRm: 14.107, Ek: 66.399   ( beta: 0.005, ETRmPot: 15.653 ) ";""
"2013-03-06";"11:17:44";"REG2";"";"#1: alpha: 0.186, ETRm: 13.016, Ek: 69.983 ";""
"2013-03-06";"11:17:45";"FO";"3144";"188";"486";"0";"0.613";"0.0"
"2013-03-06";"11:17:53";"F";"3145";"336";"470";"94";"0.285";"11.3"
"2013-03-06";"11:18:03";"F";"3146";"363";"458";"145";"0.207";"12.6"
"2013-03-06";"11:18:13";"F";"3147";"387";"455";"216";"0.149";"13.5"
"2013-03-06";"11:18:23";"F";"3148";"399";"452";"296";"0.117";"14.5"
"2013-03-06";"11:18:33";"F";"3149";"414";"449";"433";"0.078";"14.2"
"2013-03-06";"11:18:43";"F";"3150";"421";"444";"582";"0.052";"12.7"
"2013-03-06";"11:18:53";"F";"3151";"426";"441";"864";"0.034";"12.3"
"2013-03-06";"11:19:03";"F";"3152";"426";"435";"1241";"0.021";"10.9"
"2013-03-06";"11:19:03";"SLCE";"";"Light Curve end ";""
"2013-03-06";"11:20:05";"SLCS";"";"Light Curve start ";""
"2013-03-06";"11:20:05";"REG1";"";"#1: Error: First 3 ETR-Values are not increasing ";""
"2013-03-06";"11:20:05";"REG2";"";"#1: Error: First 3 ETR-Values are not increasing ";""
"2013-03-06";"11:20:06";"FO";"3153";"175";"636";"0";"0.725";"0.0"
"2013-03-06";"11:20:16";"F";"3154";"532";"621";"94";"0.143";"5.6"
"2013-03-06";"11:20:26";"F";"3155";"551";"601";"145";"0.083";"5.1"
"2013-03-06";"11:20:35";"F";"3156";"554";"583";"216";"0.050";"4.5"
"2013-03-06";"11:20:45";"F";"3157";"554";"575";"296";"0.037";"4.6"
"2013-03-06";"11:20:55";"F";"3158";"553";"565";"433";"0.021";"3.8"
"2013-03-06";"11:21:05";"F";"3159";"549";"551";"582";"0.004";"1.0"
"2013-03-06";"11:21:15";"F";"3160";"543";"541";"864";"-";"-"
"2013-03-06";"11:21:25";"F";"3161";"529";"527";"1241";"-";"-"
"2013-03-06";"11:21:25";"SLCE";"";"Light Curve end ";""
"2013-03-06";"11:23:21";"C";"";"MI=6;SI=10;SW=0.6;AI=3;AW=0:05;AF=1.00;G=7;D=1;EF=0.84;FO=25;CW=30:00;CI=2;LW=0:10;LI=3;ID=0:05;IW=0:10;DO0.0;DG1.00;LO=0;LG=0.80 ";""
"2013-03-06";"11:23:21";"SLCS";"";"Light Curve start ";""
"2013-03-06";"11:23:21";"REG1";"";"#1: Error: First 3 ETR-Values are not increasing ";""
"2013-03-06";"11:23:21";"REG2";"";"#1: Error: First 3 ETR-Values are not increasing ";""
"2013-03-06";"11:23:22";"FO";"3163";"238";"840";"0";"0.717";"0.0"
"2013-03-06";"11:23:31";"F";"3164";"607";"837";"94";"0.275";"10.9"
"2013-03-06";"11:23:41";"F";"3165";"676";"810";"145";"0.165";"10.0"
"2013-03-06";"11:23:50";"F";"3166";"698";"794";"216";"0.121";"11.0"
"2013-03-06";"11:24:00";"F";"3167";"708";"778";"296";"0.090";"11.2"
"2013-03-06";"11:24:10";"F";"3168";"719";"768";"433";"0.064";"11.6"
"2013-03-06";"11:24:20";"F";"3169";"720";"750";"582";"0.040";"9.8"
"2013-03-06";"11:24:30";"F";"3170";"718";"735";"864";"0.023";"8.3"
"2013-03-06";"11:24:40";"F";"3171";"708";"717";"1241";"0.013";"6.8"
"2013-03-06";"11:24:40";"SLCE";"";"Light Curve end ";""
"2013-03-06";"11:25:50";"SLCS";"";"Light Curve start ";""
"2013-03-06";"11:25:50";"REG1";"";"#1: alpha: 0.148, ETRm: 8.485, Ek: 57.429   ( beta: 0.000, ETRmPot: 8.678 ) ";""
"2013-03-06";"11:25:50";"REG2";"";"#1: alpha: 0.103, ETRm: 8.353, Ek: 80.756 ";""
"2013-03-06";"11:25:51";"FO";"3172";"206";"597";"0";"0.655";"0.0"
"2013-03-06";"11:26:00";"F";"3173";"467";"566";"94";"0.175";"6.9"
"2013-03-06";"11:26:10";"F";"3174";"457";"524";"145";"0.128";"7.8"
"2013-03-06";"11:26:19";"F";"3175";"454";"500";"216";"0.092";"8.3"
"2013-03-06";"11:26:29";"F";"3176";"454";"489";"296";"0.072";"9.0"
"2013-03-06";"11:26:39";"F";"3177";"454";"477";"433";"0.048";"8.7"
"2013-03-06";"11:26:49";"F";"3178";"453";"469";"582";"0.034";"8.3"
"2013-03-06";"11:26:59";"F";"3179";"456";"465";"864";"0.019";"6.9"
"2013-03-06";"11:27:09";"F";"3180";"451";"459";"1241";"0.017";"8.9"
"2013-03-06";"11:27:09";"SLCE";"";"Light Curve end ";""
"2013-03-06";"11:28:01";"F";"3181";"450";"832";"0";"0.459";"0.0"
"2013-03-06";"11:28:19";"F";"3182";"190";"372";"0";"0.489";"0.0"
"2013-03-06";"11:28:37";"F";"3183";"220";"503";"0";"0.563";"0.0"
"2013-03-06";"11:31:02";"SLCS";"";"Light Curve start ";""
"2013-03-06";"11:31:02";"REG1";"";"#1: alpha: - , ETRm: - , Ek: -   ( beta: - 0.003, ETRmPot: 19.207 ) ";""
"2013-03-06";"11:31:02";"REG2";"";"#1: alpha: 0.113, ETRm: 21.922, Ek: 194.857 ";""
"2013-03-06";"11:31:03";"FO";"3184";"155";"330";"0";"0.530";"0.0"
"2013-03-06";"11:31:12";"F";"3185";"208";"307";"94";"0.322";"12.7"
"2013-03-06";"11:31:22";"F";"3186";"226";"296";"145";"0.236";"14.4"
"2013-03-06";"11:31:32";"F";"3187";"238";"289";"216";"0.176";"16.0"
"2013-03-06";"11:31:42";"F";"3188";"244";"284";"296";"0.141";"17.5"
"2013-03-06";"11:31:52";"F";"3189";"252";"284";"433";"0.113";"20.6"
"2013-03-06";"11:32:02";"F";"3190";"255";"280";"582";"0.089";"21.8"
"2013-03-06";"11:32:12";"F";"3191";"260";"278";"864";"0.065";"23.6"
"2013-03-06";"11:32:21";"F";"3192";"263";"275";"1241";"0.044";"22.9"
"2013-03-06";"11:32:21";"SLCE";"";"Light Curve end ";""
"2013-03-06";"11:33:31";"SLCS";"";"Light Curve start ";""
"2013-03-06";"11:33:32";"FO";"3193";"6";"4";"0";"-";"-"
"2013-03-06";"11:33:32";"SLCE";"";"Light Curve end ";""
"2013-03-06";"11:33:42";"SLCS";"";"Light Curve start ";""
"2013-03-06";"11:33:42";"REG1";"";"#1: alpha: 0.213, ETRm: 15.740, Ek: 73.878   ( beta: 0.007, ETRmPot: 18.335 ) ";""
"2013-03-06";"11:33:42";"REG2";"";"#1: alpha: 0.239, ETRm: 14.025, Ek: 58.619 ";""
"2013-03-06";"11:33:43";"FO";"3194";"207";"818";"0";"0.747";"0.0"
"2013-03-06";"11:33:53";"F";"3195";"541";"809";"94";"0.331";"13.1"
"2013-03-06";"11:34:03";"F";"3196";"614";"784";"145";"0.217";"13.2"
"2013-03-06";"11:34:13";"F";"3197";"646";"767";"216";"0.158";"14.3"
"2013-03-06";"11:34:23";"F";"3198";"662";"756";"296";"0.124";"15.4"
"2013-03-06";"11:34:33";"F";"3199";"682";"747";"433";"0.087";"15.8"
"2013-03-06";"11:34:42";"F";"3200";"688";"735";"582";"0.064";"15.6"
"2013-03-06";"11:34:52";"F";"3201";"694";"720";"864";"0.036";"13.1"
"2013-03-06";"11:35:02";"F";"3202";"689";"703";"1241";"0.020";"10.4"
"2013-03-06";"11:35:02";"SLCE";"";"Light Curve end ";""
